slice,frame,n_detections,max_conf_score,energy_score
bdd-clear-day,b1d7b3ac-995f9d8a.jpg,5,0.078936,-3.188687
bdd-clear-day,b205eb4d-f84aaa1a.jpg,12,0.079714,-3.762348
bdd-clear-day,b20b69d2-bd242bf0.jpg,1,0.349436,-0.621518
bdd-clear-day,b20b69d2-ffc1d6af.jpg,1,0.265853,-1.015767
bdd-clear-day,b20d494a-cdebe83e.jpg,4,0.663576,-0.222935
bdd-clear-day,b2169b74-fa197951.jpg,1,0.302369,-0.836042
bdd-clear-day,b2208b0f-2796a692.jpg,1,0.908389,2.29412
bdd-clear-day,b2331b83-a28e6b57.jpg,7,0.137478,-2.648207
bdd-clear-day,b245e52e-0a0e4e69.jpg,5,0.08972,-3.48109
bdd-clear-day,b24702e3-f56e0731.jpg,13,0.07415,-3.955187
bdd-clear-day,b251064f-8d92db81.jpg,9,0.138767,-2.893632
bdd-clear-day,b26331b9-102f5d9a.jpg,0,1.0,0.0
bdd-clear-day,b2715214-d38332ea.jpg,14,0.088467,-3.93857
bdd-clear-day,b27688b6-cd521517.jpg,4,0.202578,-1.757889
bdd-clear-day,b28cb5d3-c4758dfd.jpg,4,0.089772,-2.999663
bdd-clear-day,b28ec521-834a964c.jpg,1,0.575128,0.302804
bdd-clear-day,b2932832-a2c8f6ef.jpg,13,0.09486,-3.79094
bdd-clear-day,b2afce7f-0cb9967a.jpg,4,0.115738,-2.719228
bdd-clear-day,b2b03a01-a60e895f.jpg,13,0.19328,-2.470128
bdd-clear-day,b2b70230-c43553a9.jpg,8,0.16106,-2.498554
bdd-clear-day,b2e431b6-332c438d.jpg,3,0.067752,-3.065923
bdd-clear-day,b2e54795-d8c2ba6d.jpg,2,0.538089,0.018826
bdd-clear-day,b306fb3f-178fca4e.jpg,0,1.0,0.0
bdd-clear-day,b30af183-3029b316.jpg,4,0.102964,-2.966099
bdd-clear-day,b30b460d-9829fd26.jpg,0,1.0,0.0
bdd-clear-day,b3154d05-86ce5ff2.jpg,5,0.103145,-3.128701
bdd-clear-day,b3154d05-8bc595ba.jpg,8,0.139336,-2.917192
bdd-clear-day,b33ced12-c53391e6.jpg,1,0.889469,2.085325
bdd-clear-day,b33ea6cb-3464fb13.jpg,11,0.165724,-3.198699
bdd-clear-day,b33ea6cb-ddf24803.jpg,4,0.289728,-1.694985
bdd-clear-day,b3456910-cf5fb475.jpg,0,1.0,0.0
bdd-clear-day,b37dfad0-708bd5bb.jpg,3,0.201859,-1.916978
bdd-clear-day,b3826400-c03b5432.jpg,11,0.082895,-3.364068
bdd-clear-day,b3875c8d-cc4081eb.jpg,5,0.134951,-2.427154
bdd-clear-day,b38f59d4-8dfeca9f.jpg,11,0.112589,-3.487662
bdd-clear-day,b396946b-d29f75f9.jpg,17,0.106498,-3.647604
bdd-clear-day,b398327e-f873cb8b.jpg,3,0.473747,-0.283388
bdd-clear-day,b3990aa9-4fb64582.jpg,6,0.278315,-1.464016
bdd-clear-day,b3a9281a-8b4f26f1.jpg,2,0.198195,-1.503346
bdd-clear-day,b3c26aff-417063a0.jpg,4,0.088954,-3.352107
bdd-clear-day,b3c4e98b-2788a3e8.jpg,4,0.729392,0.26175
bdd-clear-day,b3ea802a-c689de9a.jpg,11,0.114746,-3.153462
bdd-clear-day,b4065fc4-ede06556.jpg,53,0.149004,-3.477186
bdd-clear-day,b4110365-9ae12ee1.jpg,3,0.113344,-2.225057
bdd-clear-day,b4259d0f-d93d7a19.jpg,5,0.110254,-2.682557
bdd-clear-day,b442c34a-6fe5cbba.jpg,1,0.129459,-1.905754
bdd-clear-day,b4542860-0b880bb4.jpg,5,0.194,-1.947366
bdd-clear-day,b4542860-e818b412.jpg,11,0.090017,-3.384482
bdd-clear-day,b46478b0-1eb55806.jpg,31,0.126839,-3.17452
bdd-clear-day,b47262a4-b17e0871.jpg,8,0.077616,-2.753387
bdd-clear-day,b48c7b5f-76b4418e.jpg,3,0.093881,-2.356296
bdd-clear-day,b495e3ab-90180a0e.jpg,15,0.098838,-3.949868
bdd-clear-day,b49944e9-57ac98be.jpg,9,0.089803,-3.214722
bdd-clear-day,b4a8ec73-1c6196a0.jpg,8,0.132919,-2.48594
bdd-clear-day,b4a8ec73-4a6c61c7.jpg,9,0.10013,-3.31096
bdd-clear-day,b4a8ec73-70456cee.jpg,12,0.072902,-2.856423
bdd-clear-day,b4a8ec73-7e0ae9b4.jpg,22,0.085227,-3.889346
bdd-clear-day,b4b07c88-3e6d65a0.jpg,0,1.0,0.0
bdd-clear-day,b4c62929-8d5e3448.jpg,13,0.098093,-3.640453
bdd-clear-day,b4e58e8f-dff21e6a.jpg,2,0.220922,-1.684854
bdd-clear-day,b4f2a76c-6b0c22e6.jpg,3,0.106564,-2.789511
bdd-clear-day,b4fce2f5-d8eee5bb.jpg,14,0.221712,-2.555717
bdd-clear-day,b5004c9e-d21fdd6e.jpg,9,0.064083,-3.975813
bdd-clear-day,b53f23c3-3d2cea8b.jpg,12,0.117485,-3.282992
bdd-clear-day,b5460637-3b501a2e.jpg,4,0.629236,0.150631
bdd-clear-day,b557283b-51959094.jpg,8,0.115985,-2.825155
bdd-clear-day,b563b270-47d67962.jpg,3,0.515597,-0.144608
bdd-clear-day,b563b270-d18e77f6.jpg,6,0.305007,-1.631668
bdd-clear-day,b565c328-1e663060.jpg,2,0.102224,-2.445342
bdd-clear-day,b56c225e-a7a78ad7.jpg,2,0.094378,-2.273691
bdd-clear-day,b5a09604-c93a9d5d.jpg,12,0.195672,-2.327107
bdd-clear-day,b5a50c2d-ccafe43a.jpg,2,0.078851,-2.745476
bdd-clear-day,b5ab0e46-8eab4733.jpg,3,0.221427,-1.876688
bdd-clear-day,b5ca1339-b9f4a4e0.jpg,0,1.0,0.0
bdd-clear-day,b5fca52d-b459be9c.jpg,8,0.070769,-3.515775
bdd-clear-day,b605d5d8-a398208d.jpg,7,0.176184,-2.493544
bdd-clear-day,b612e792-38fc9d6d.jpg,8,0.103203,-3.281357
bdd-clear-day,b61459f8-ae92ce64.jpg,3,0.084855,-3.053035
bdd-clear-day,b67d5d14-90c181ab.jpg,3,0.111756,-2.668338
bdd-clear-day,b689c867-5a0ac45a.jpg,8,0.070343,-3.690833
bdd-clear-day,b690e7dd-1a1d38d1.jpg,9,0.096735,-3.318139
bdd-clear-day,b6accff3-eb28ad4f.jpg,2,0.437361,-0.490321
bdd-clear-day,b6c3cbb0-1c4e006c.jpg,4,0.101937,-2.415595
bdd-clear-day,b6cad0b4-56d2e2d9.jpg,0,1.0,0.0
bdd-clear-day,b6ddc104-54cc00e3.jpg,3,0.100327,-2.226756
bdd-clear-day,b6decb24-0de96f8c.jpg,22,0.092296,-3.837247
bdd-clear-day,b6decb24-82234e11.jpg,7,0.076755,-2.791404
bdd-clear-day,b6e264cf-d2600371.jpg,5,0.127648,-2.520429
bdd-clear-day,b6ffe7bd-7c91eac9.jpg,2,0.816399,1.280677
bdd-clear-day,b7072ec0-3a3b64a5.jpg,1,0.934128,2.651896
bdd-clear-day,b70b64da-396bfbd3.jpg,12,0.114609,-3.411095
bdd-clear-day,b71bb4df-b9837e9c.jpg,1,0.111614,-2.074359
bdd-clear-day,b72393ac-b071c025.jpg,20,0.094949,-4.002102
bdd-clear-day,b72812e8-c636249b.jpg,23,0.074687,-3.934315
bdd-clear-day,b728b79a-15b4e229.jpg,0,1.0,0.0
bdd-clear-day,b728b79a-b1757497.jpg,6,0.142702,-2.751474
bdd-clear-day,b72b3974-552bb7d7.jpg,17,0.081986,-3.405999
bdd-clear-day,b72b3974-9667b29a.jpg,11,0.07705,-3.623185
bdd-clear-day,b7341ecf-4be3bdcb.jpg,0,1.0,0.0
bdd-clear-day,b736c477-ce5093ac.jpg,0,1.0,0.0
bdd-clear-day,b73a793e-ebf5917d.jpg,5,0.117574,-2.933804
bdd-clear-day,b744c27e-b87d6875.jpg,9,0.131394,-2.489023
bdd-clear-day,b7457987-4f89d5e8.jpg,2,0.080172,-2.741124
bdd-clear-day,b7457987-72d06293.jpg,4,0.078253,-3.156667
bdd-clear-day,b7480124-540c4b41.jpg,0,1.0,0.0
bdd-clear-day,b7497244-1b64c54d.jpg,23,0.12342,-3.212138
bdd-clear-day,b757ae91-c4ae9ab1.jpg,2,0.078399,-2.883221
bdd-clear-day,b75da19e-a29454b7.jpg,0,1.0,0.0
bdd-clear-day,b75f355e-b8ecbd7e.jpg,0,1.0,0.0
bdd-clear-day,b7676214-b10e4e0e.jpg,6,0.060014,-3.558136
bdd-clear-day,b784ff27-14060d57.jpg,4,0.082079,-3.303063
bdd-clear-day,b7a3fc87-1c0a396b.jpg,2,0.181661,-1.589084
bdd-clear-day,b7aa329e-25d68dec.jpg,3,0.212242,-1.883508
bdd-clear-day,b7abfbea-3067ba7b.jpg,0,1.0,0.0
bdd-clear-day,b82b19c9-929701e6.jpg,3,0.101005,-2.704047
bdd-clear-day,b869965a-88ad8b77.jpg,2,0.659201,0.400732
bdd-clear-day,b875ad93-deec14af.jpg,4,0.262798,-1.483515
bdd-clear-day,b875ad93-f21a6d0a.jpg,0,1.0,0.0
bdd-clear-day,b89bf84d-d2c2e5a7.jpg,8,0.117713,-3.118293
bdd-clear-day,b8a835db-c49dfee5.jpg,19,0.073925,-4.063637
bdd-clear-day,b8adc715-5a335a7e.jpg,3,0.137781,-2.345257
bdd-clear-day,b8b18469-00a140bf.jpg,6,0.135716,-2.762784
bdd-clear-day,b8b18469-55e564e3.jpg,0,1.0,0.0
bdd-clear-day,b8e2eae6-9b3f3a2f.jpg,1,0.324423,-0.733518
bdd-clear-day,b919f6f7-9c71d913.jpg,0,1.0,0.0
bdd-clear-day,b91ddba0-93eda7e1.jpg,8,0.081148,-3.437146
bdd-clear-day,b9206eb1-08915f67.jpg,4,0.368733,-0.956672
bdd-clear-day,b928271b-35145ad6.jpg,2,0.315424,-1.242568
bdd-clear-day,b93ecb20-598666a0.jpg,1,0.446258,-0.215802
bdd-clear-day,b9429f07-33ae3ff1.jpg,11,0.091974,-3.13546
bdd-clear-day,b9429f07-e59c4a8c.jpg,7,0.077071,-3.552768
bdd-clear-day,b9470f2d-aa9b22f2.jpg,2,0.187738,-1.490953
bdd-clear-day,b9471202-68f658bd.jpg,1,0.150702,-1.729107
bdd-clear-day,b9597719-09a2458c.jpg,0,1.0,0.0
bdd-clear-day,b989ad0d-b8f7d12a.jpg,1,0.403075,-0.392671
bdd-clear-day,b98e3a45-2af2c615.jpg,5,0.085941,-2.676117
bdd-clear-day,b98f4bb1-100931bb.jpg,5,0.093973,-2.36806
bdd-clear-day,b9990002-f103f7d9.jpg,1,0.679558,0.751743
bdd-clear-day,b99eeedd-f211870f.jpg,1,0.890753,2.098456
bdd-clear-day,b9aabdcf-d1433a19.jpg,10,0.115003,-3.079875
bdd-clear-day,b9cd5de4-5614ed70.jpg,6,0.088025,-3.595797
bdd-clear-day,b9d24e81-a9679e2a.jpg,2,0.638426,0.477311
bdd-clear-day,b9d9e358-7dadc57c.jpg,7,0.155974,-2.709174
bdd-clear-day,ba09810a-a1c9c327.jpg,15,0.116154,-3.248158
bdd-clear-day,ba0a3619-e721c302.jpg,4,0.406916,-0.71482
bdd-clear-day,ba0a9afb-ba786259.jpg,4,0.179776,-2.437385
bdd-clear-day,ba0b31f2-067b826c.jpg,6,0.155909,-2.292309
bdd-clear-day,ba122c97-69a4038b.jpg,0,1.0,0.0
bdd-clear-day,ba1c5b5f-bc36c5fa.jpg,1,0.104649,-2.146606
bdd-clear-day,ba37b3d4-a8126899.jpg,2,0.761754,0.843541
bdd-clear-day,ba402b44-b17beb78.jpg,5,0.092055,-2.610641
bdd-clear-day,ba4432a9-3956a266.jpg,3,0.279093,-1.52157
bdd-clear-day,ba4bcdc5-3d4f7a56.jpg,8,0.083805,-3.604728
bdd-clear-day,ba4d05f6-24c9c3cf.jpg,6,0.142709,-2.630901
bdd-clear-day,ba4d05f6-8b126390.jpg,6,0.098398,-2.978554
bdd-clear-day,ba4d05f6-e11a4967.jpg,8,0.083462,-3.049671
bdd-clear-day,bab692c9-a16f15b4.jpg,14,0.112193,-3.714513
bdd-clear-day,bac66ed2-5f02fccc.jpg,13,0.095098,-3.494383
bdd-clear-day,bade898f-11350592.jpg,7,0.092311,-3.395583
bdd-clear-day,bae552dc-36e0fe4e.jpg,0,1.0,0.0
bdd-clear-day,bae9f15e-0f68c902.jpg,8,0.088131,-3.313494
bdd-clear-day,baeb1657-c8c65444.jpg,12,0.098276,-3.251975
bdd-clear-day,baee6fb9-8438c345.jpg,13,0.09319,-3.273817
bdd-clear-day,bafad57f-2e29ac87.jpg,4,0.089071,-2.588505
bdd-clear-day,bb0ea699-e350eac6.jpg,1,0.465976,-0.136308
bdd-clear-day,bb4abf02-2651a845.jpg,7,0.152045,-1.928911
bdd-clear-day,bb55f0e2-e5501b3c.jpg,12,0.097134,-3.92576
bdd-clear-day,bb5d0b6a-99b062c6.jpg,5,0.153713,-2.43794
bdd-clear-day,bb6264e8-e8dfd14d.jpg,5,0.130958,-2.546741
bdd-clear-day,bb6f381e-02e9cc6b.jpg,4,0.085487,-2.483949
bdd-clear-day,bb76c63a-586a2668.jpg,5,0.203499,-1.892338
bdd-clear-day,bb8b844a-ed14e8b9.jpg,8,0.104825,-3.22854
bdd-clear-day,bb9071ac-4b105539.jpg,6,0.079944,-3.44191
bdd-clear-day,bb9071ac-4ee8ed8c.jpg,24,0.098062,-3.23338
bdd-clear-day,bb9f498e-5ea84006.jpg,8,0.061927,-3.289214
bdd-clear-day,bb9f498e-62cc407e.jpg,9,0.099917,-3.173502
bdd-clear-day,bbb1289a-a3fbe37f.jpg,4,0.111076,-2.993711
bdd-clear-day,bbc755d2-e35a6b06.jpg,15,0.11193,-3.523456
bdd-clear-day,bbd5188d-91d0926f.jpg,3,0.131694,-2.468423
bdd-clear-day,bbddd5fa-1fb3ae4e.jpg,7,0.080029,-3.455552
bdd-clear-day,bbe207fc-bee772a7.jpg,9,0.336606,-1.279261
bdd-clear-day,bbe88e6d-c0e7b375.jpg,2,0.13456,-1.895234
bdd-clear-day,bbf86f8f-87b564dc.jpg,12,0.093003,-3.823393
bdd-clear-day,bc0e43fd-10fc4231.jpg,11,0.068716,-3.428811
bdd-clear-day,bc14daff-30e5ade2.jpg,2,0.8746,1.352719
bdd-clear-day,bc171ee0-b1f4fca6.jpg,5,0.171929,-1.986503
bdd-clear-day,bc230811-8caf576d.jpg,10,0.262682,-2.348269
bdd-clear-day,bc24f222-2acc4952.jpg,4,0.165912,-2.34506
bdd-clear-day,bc3edef9-98053500.jpg,3,0.111674,-2.730615
bdd-clear-day,bc5fadac-47398ddc.jpg,2,0.212997,-1.336797
bdd-clear-day,bc5fadac-790bcdec.jpg,5,0.130318,-2.906891
bdd-clear-day,bc5fadac-fa6dd225.jpg,2,0.266532,-1.099969
bdd-clear-day,bc67ddf0-874dcf8d.jpg,8,0.080684,-3.431282
bdd-clear-day,bc7a0adc-b360c4b1.jpg,10,0.096098,-3.591004
bdd-clear-day,bc7a7a1f-4e38c1f5.jpg,10,0.101637,-3.334693
bdd-clear-day,bc8e1605-5c57e4b3.jpg,3,0.118251,-2.27985
bdd-clear-day,bcaa771b-a3595511.jpg,17,0.067982,-3.813462
bdd-clear-day,bcaf57de-8a71dbde.jpg,4,0.11331,-2.269684
bdd-clear-day,bcafa205-40fde1da.jpg,11,0.095213,-3.373913
bdd-clear-day,bcbf4834-ad592e12.jpg,13,0.109465,-2.995493
bdd-clear-day,bcbfab33-5add26c9.jpg,2,0.197275,-1.450614
bdd-clear-day,bcc942dc-d64dc48f.jpg,1,0.43902,-0.245139
bdd-clear-day,bccad38e-0f5097a8.jpg,3,0.098169,-2.686004
bdd-clear-day,bccd4f82-5c8f9f28.jpg,8,0.114311,-2.796156
bdd-clear-day,bcd02ab4-9a15965c.jpg,11,0.087142,-3.724157
bdd-clear-day,bd0380e5-bc2886de.jpg,2,0.198093,-1.89043
bdd-clear-day,bd0380e5-de0cc7cb.jpg,3,0.090324,-2.797952
bdd-clear-day,bd05c4b3-a22bd6c8.jpg,8,0.074111,-3.489442
bdd-clear-day,bd338426-4b27de63.jpg,2,0.107455,-2.125562
bdd-clear-day,bd3a9dfd-4b1dd476.jpg,5,0.221198,-1.734839
bdd-clear-day,bd46bba0-926dc1db.jpg,3,0.111291,-2.687068
bdd-clear-day,bd57e60e-504a870b.jpg,1,0.668684,0.702241
bdd-clear-day,bd5c34f4-f39f6dfc.jpg,1,0.094293,-2.262306
bdd-clear-day,bd5fe5fb-dfcd1cd2.jpg,14,0.092252,-2.957808
bdd-clear-day,bd735753-10912d8b.jpg,13,0.07862,-3.985344
bdd-clear-day,bd735753-49b2ce68.jpg,2,0.112993,-2.663443
bdd-clear-day,bdabbd46-c58c1d2f.jpg,4,0.103079,-3.209245
bdd-clear-day,bdaeda37-a0d637e0.jpg,1,0.94333,2.812175
bdd-clear-day,bdb3c90f-095103e9.jpg,12,0.092206,-3.588448
bdd-clear-day,bdb610dc-15dd7f0f.jpg,10,0.100946,-3.710244
bdd-clear-day,bde0caa6-d7d428b5.jpg,8,0.101438,-3.500409
bdd-clear-day,bde96867-d909dae7.jpg,7,0.075737,-3.569886
bdd-clear-day,be3301b2-9bb342d3.jpg,3,0.228844,-1.458458
bdd-clear-day,be362fff-99b5dd8b.jpg,4,0.081677,-3.257338
bdd-clear-day,be49ae7a-1ffaa683.jpg,0,1.0,0.0
bdd-clear-day,be4f3873-33c738a5.jpg,5,0.099861,-2.642083
bdd-clear-day,be4f53be-3e8f170e.jpg,6,0.10921,-3.512012
bdd-clear-day,be651ffd-0bc74ac7.jpg,2,0.90561,1.825026
bdd-clear-day,be6fd6ac-624b4634.jpg,6,0.121731,-3.135354
bdd-clear-day,be80a253-75e6f6aa.jpg,7,0.092127,-3.131794
bdd-clear-day,be986afd-b86569ff.jpg,9,0.129232,-3.4122
bdd-clear-day,bea02fed-c803e656.jpg,0,1.0,0.0
bdd-clear-day,bea6dbeb-3292525a.jpg,3,0.09689,-2.932678
bdd-clear-day,beb3d6ea-d2584fc7.jpg,0,1.0,0.0
bdd-clear-day,beb712cc-6594b626.jpg,9,0.119227,-3.42255
bdd-clear-day,beb80a43-c3b9107e.jpg,1,0.314776,-0.777883
bdd-clear-day,beb87fd7-6120b637.jpg,6,0.082685,-3.391872
bdd-clear-day,bec7b5c0-5cf322d9.jpg,3,0.089408,-3.018526
bdd-clear-day,beccfad4-d24a29c5.jpg,3,0.718994,0.622462
bdd-clear-day,beced1e4-8d82da4e.jpg,2,0.067892,-2.652381
bdd-clear-day,bed782a6-b511b4b6.jpg,9,0.111727,-2.76582
bdd-clear-day,bee1f0a4-22dbabcd.jpg,2,0.450241,-0.384125
bdd-clear-day,bf04b038-341ec0e5.jpg,2,0.235255,-1.27595
bdd-clear-day,bf0b285b-afa81125.jpg,5,0.098177,-2.943649
bdd-clear-day,bf0fd4de-7db956ab.jpg,1,0.290974,-0.890656
bdd-clear-day,bf5b423c-eb2447d8.jpg,0,1.0,0.0
bdd-clear-day,bf5e662c-0c0afa60.jpg,3,0.178876,-1.953747
bdd-clear-day,bf66b0b2-63bcf4a9.jpg,0,1.0,0.0
bdd-clear-day,bf70a9e2-55b26931.jpg,1,0.10846,-2.106567
bdd-clear-day,bf78f601-1003f3da.jpg,1,0.488625,-0.04551
bdd-clear-day,bf8feaf5-cf2b6195.jpg,0,1.0,0.0
bdd-clear-day,bf9e3b67-49c1ef1c.jpg,9,0.112995,-2.7064
bdd-clear-day,bfaca2bb-98dfee43.jpg,0,1.0,0.0
bdd-clear-day,bfaca2bb-f1c305a8.jpg,10,0.04098,-3.84709
bdd-clear-day,bfb41e9f-48952c95.jpg,2,0.117018,-2.614553
bdd-clear-day,bfd64d5f-a12327b4.jpg,3,0.179554,-1.766175
bdd-clear-day,bfdb9d69-9beabbd2.jpg,1,0.731196,1.000701
bdd-clear-day,bfe2b817-8501bdbe.jpg,2,0.085595,-2.440745
bdd-clear-day,bfe98b68-6e23d74e.jpg,8,0.218826,-1.654136
bdd-clear-day,bff4bb8b-152c6105.jpg,5,0.109903,-2.599375
bdd-clear-day,bff7091d-4ea5eb2a.jpg,9,0.081535,-3.727826
bdd-clear-day,bffe8c14-18cf493f.jpg,22,0.119362,-3.232878
bdd-clear-day,c0071cbb-02fb08c6.jpg,1,0.226569,-1.227785
bdd-clear-day,c0082590-e325cff4.jpg,8,0.1616,-2.32374
bdd-clear-day,c00f8f83-bdd9f783.jpg,6,0.089227,-2.914113
bdd-clear-day,c036f281-a0c90e9a.jpg,3,0.415991,-0.778314
bdd-clear-day,c03d48c2-869f09b4.jpg,3,0.550012,-0.161142
bdd-clear-day,c0458999-18bb1ce3.jpg,1,0.90955,2.308158
bdd-clear-day,c047f07b-d0d11ec9.jpg,5,0.137538,-2.087137
bdd-clear-day,c051bcee-e5c6ad9f.jpg,5,0.093166,-2.39932
bdd-clear-day,c055cef2-01665d65.jpg,1,0.182568,-1.499042
bdd-clear-day,c05767da-e6e016b5.jpg,4,0.075109,-3.107443
bdd-clear-day,c063c188-26f08957.jpg,11,0.079341,-3.328076
bdd-clear-day,c0677163-89d37846.jpg,12,0.162211,-3.00899
bdd-clear-day,c0792259-e4b3dbbe.jpg,6,0.136458,-2.973125
bdd-clear-day,c08bf392-3d39a1bc.jpg,0,1.0,0.0
bdd-clear-day,c093f8be-b478e611.jpg,7,0.718345,-0.52659
bdd-clear-day,c093f8be-f17f116a.jpg,1,0.561482,0.247179
bdd-clear-day,c0a66d6a-607213d1.jpg,13,0.072406,-3.872234
bdd-clear-day,c0aa83ea-5e7cbb16.jpg,1,0.209699,-1.326741
bdd-clear-day,c0aa979d-dd5c54d1.jpg,4,0.117481,-2.526401
bdd-clear-day,c0c183ff-1b24f541.jpg,14,0.097977,-3.424637
bdd-clear-day,c0c3d5f5-f17f878d.jpg,4,0.365682,-0.89344
bdd-clear-day,c0e74e90-15e1888e.jpg,6,0.105846,-3.06742
bdd-clear-day,c0e90884-ab3e26af.jpg,8,0.146734,-3.116097
bdd-clear-day,c0f35000-9401b8f3.jpg,11,0.130532,-3.045395
bdd-clear-day,c0f7c2d3-1abf98ec.jpg,1,0.224586,-1.239139
bdd-clear-day,c0f978fa-425cdcd6.jpg,6,0.239302,-2.267523
bdd-clear-day,c10472c3-9c569d4f.jpg,4,0.092589,-3.092628
bdd-clear-day,c107ca7b-e60766f2.jpg,5,0.147015,-1.90155
bdd-clear-day,c10e92bd-f6241f08.jpg,9,0.105289,-3.290389
bdd-clear-day,c119a2ea-f59c8486.jpg,7,0.089858,-3.333939
bdd-clear-day,c1211833-1ba939db.jpg,7,0.071973,-3.444813
bdd-clear-day,c12bfd38-4fe7afb2.jpg,6,0.098127,-3.585047
bdd-clear-day,c12ce21f-6f6ecfa7.jpg,10,0.084668,-3.568441
bdd-clear-day,c12e6924-5860d30a.jpg,5,0.114472,-2.686479
bdd-clear-day,c143af06-b1635ba6.jpg,6,0.165841,-2.409781
bdd-clear-day,c146d100-917008e9.jpg,1,0.228328,-1.217776
bdd-clear-day,c16d3fdb-a3a8c912.jpg,0,1.0,0.0
bdd-clear-day,c1757757-140fa8b6.jpg,13,0.080904,-3.115788
bdd-clear-day,c181581e-2cb8bbad.jpg,5,0.120397,-2.760416
bdd-clear-day,c18cdb0e-c6d8672a.jpg,0,1.0,0.0
bdd-clear-day,c19681f6-c6258473.jpg,12,0.058984,-4.199299
bdd-clear-day,c1b3582d-31ed042c.jpg,7,0.281749,-2.042522
bdd-clear-day,c1b3582d-3eb61cdc.jpg,6,0.10359,-2.80216
bdd-clear-day,c1b5a91c-9e402e78.jpg,6,0.196988,-2.429124
bdd-clear-day,c1b7f449-2e7ddbce.jpg,12,0.099529,-3.619822
bdd-clear-day,c1bbc01a-42a391bd.jpg,4,0.096234,-3.24372
bdd-clear-day,c1e1f7c0-9bbd3146.jpg,11,0.183067,-2.608728
bdd-clear-day,c1e1f7c0-b6466fae.jpg,21,0.089256,-3.711222
bdd-clear-day,c1f9740a-41816cad.jpg,2,0.116979,-2.570043
bdd-clear-day,c1fdd182-ee635148.jpg,3,0.366132,-0.903684
bdd-clear-day,c2032247-86ea336e.jpg,5,0.188515,-2.180398
bdd-clear-day,c20685c6-10269c46.jpg,11,0.095067,-3.900854
bdd-clear-day,c20e5778-cfbaabbf.jpg,4,0.102911,-3.147339
bdd-clear-day,c242b4b8-6757e7b6.jpg,16,0.151162,-2.885802
bdd-clear-day,c242b4b8-7d73aa05.jpg,13,0.09446,-2.861771
bdd-clear-day,c2592033-48254ed4.jpg,3,0.217309,-1.621231
bdd-clear-day,c265ca04-fe330cbb.jpg,9,0.112665,-3.187243
bdd-clear-day,c26b9b25-a8bbf0b5.jpg,3,0.142411,-1.87373
bdd-clear-day,c292800e-4290dbb9.jpg,12,0.126669,-2.872918
bdd-clear-day,c29829cf-9790141e.jpg,10,0.074149,-3.619658
bdd-clear-day,c2a4a88f-1a60e4a6.jpg,15,0.092509,-2.939814
bdd-clear-day,c2a6b1c9-ce009635.jpg,8,0.130263,-2.590021
bdd-clear-day,c2bc5a4c-b2bc828b.jpg,5,0.425366,-1.561281
bdd-clear-day,c2bd70f5-d811bd56.jpg,7,0.162576,-2.557357
bdd-clear-day,c2d051a0-007fa10e.jpg,2,0.321593,-0.861198
bdd-clear-day,c2d051a0-31c90f75.jpg,16,0.106248,-3.159746
bdd-clear-day,c2e3cd3c-fc972e2e.jpg,6,0.1446,-2.49818
bdd-clear-day,c2f5e5c4-35640746.jpg,8,0.222378,-2.655561
bdd-clear-day,c2f88368-4292c1a0.jpg,2,0.081025,-2.637573
bdd-clear-day,c31d9531-694298f0.jpg,0,1.0,0.0
bdd-clear-day,c321c219-54340460.jpg,7,0.092698,-2.53421
bdd-clear-day,c32246a5-79a01821.jpg,2,0.50775,-0.471256
bdd-clear-day,c324a11d-eaaeb859.jpg,10,0.084214,-3.627569
bdd-clear-day,c330c787-0f40c0b6.jpg,4,0.097929,-2.558824
bdd-clear-day,c3348435-58a3fba0.jpg,9,0.076392,-3.276788
bdd-clear-day,c3348435-d86c8ed9.jpg,4,0.468449,-0.921745
bdd-clear-day,c33b61b6-47d0f8ba.jpg,7,0.111814,-2.917505
bdd-clear-day,c352d9c5-d0019b8b.jpg,6,0.098839,-2.629461
bdd-clear-day,c359f52e-d1916e72.jpg,0,1.0,0.0
bdd-clear-day,c366973d-c03525b0.jpg,2,0.08518,-2.510664
bdd-clear-day,c367562a-54687761.jpg,10,0.094124,-3.762053
bdd-clear-day,c3698cec-2231cb86.jpg,6,0.084912,-3.355156
bdd-clear-day,c376fce7-54f5721d.jpg,9,0.151503,-3.226437
bdd-clear-day,c37bffe3-a98ee42d.jpg,5,0.111231,-2.859067
bdd-clear-day,c389631f-b7bb20cb.jpg,2,0.192577,-1.743577
bdd-clear-day,c38cd3f6-c74ca48b.jpg,8,0.113825,-2.891211
bdd-clear-day,c3906a23-5c373f34.jpg,2,0.135011,-1.946079
bdd-clear-day,c396b7c0-cf46a981.jpg,1,0.860418,1.818767
bdd-clear-day,c3981cf1-fb7c634e.jpg,0,1.0,0.0
bdd-clear-day,c399b1cb-0b569b85.jpg,1,0.167119,-1.606188
bdd-clear-day,c39ddb2c-740d920d.jpg,12,0.079978,-3.599977
bdd-clear-day,c3a18207-109c0500.jpg,3,0.109097,-2.158473
bdd-clear-day,c3b1694b-fadd8eba.jpg,0,1.0,0.0
bdd-clear-day,c3c4bbae-eff92ddd.jpg,9,0.168198,-2.707671
bdd-clear-day,c3cae07c-b1c025cf.jpg,8,0.108721,-3.200902
bdd-clear-day,c3dc6d37-450bc114.jpg,0,1.0,0.0
bdd-clear-day,c3e87419-dd6f2321.jpg,5,0.097516,-2.541966
bdd-clear-day,c3f5620f-9311677e.jpg,5,0.088452,-2.802393
bdd-clear-day,c4031040-488a6ce0.jpg,8,0.142471,-2.995961
bdd-clear-day,c4031040-73e296bc.jpg,1,0.91808,2.416546
bdd-clear-day,c4031040-ec530889.jpg,9,0.105003,-3.543574
bdd-clear-day,c4057c0c-000a6aaf.jpg,16,0.087155,-3.72869
bdd-clear-day,c4057c0c-a47d8dba.jpg,1,0.219004,-1.271478
bdd-clear-day,c415a08c-a6cb455e.jpg,5,0.168108,-2.513113
bdd-clear-day,c425e76b-ef2256e0.jpg,11,0.073175,-3.844402
bdd-clear-day,c427410f-aec7f6a9.jpg,20,0.105914,-3.215946
bdd-clear-day,c43052f6-d90711e9.jpg,14,0.070547,-3.638728
bdd-clear-day,c447f74e-f67bf173.jpg,0,1.0,0.0
bdd-clear-day,c44e7068-cc04270e.jpg,10,0.091733,-3.604811
bdd-clear-day,c456ed56-adbb1839.jpg,8,0.101194,-2.854727
bdd-clear-day,c464c963-a377ab36.jpg,3,0.176758,-1.861694
bdd-clear-day,c47f850b-97816a73.jpg,19,0.081569,-3.800513
bdd-clear-day,c485d97d-e833c4a1.jpg,3,0.227747,-1.855034
bdd-clear-day,c4a6774c-144a01d6.jpg,10,0.122379,-3.302309
bdd-clear-day,c4bc3dee-58920c9c.jpg,11,0.087169,-4.008399
bdd-clear-day,c4bfc4c7-98ed20f8.jpg,5,0.094241,-2.96219
bdd-clear-day,c4c7fdec-ec322a67.jpg,10,0.074257,-3.608031
bdd-clear-day,c4eb5462-657f5921.jpg,5,0.105971,-2.974183
bdd-clear-day,c4eb5462-c917fefd.jpg,0,1.0,0.0
bdd-clear-day,c4eb5462-f87b7afc.jpg,20,0.080271,-3.904233
bdd-clear-day,c4ef83b2-696779d1.jpg,7,0.173531,-2.748364
bdd-clear-day,c4f62823-9d3f8519.jpg,9,0.136743,-2.215999
bdd-clear-day,c50d0b3f-3a8df0bf.jpg,15,0.104643,-3.387554
bdd-clear-day,c50faaad-d383bf66.jpg,4,0.103889,-3.021648
bdd-clear-day,c50faaad-d84b2856.jpg,0,1.0,0.0
bdd-clear-day,c532201e-8531945e.jpg,4,0.165217,-1.693743
bdd-clear-day,c53478c5-0565e28b.jpg,1,0.115602,-2.034755
bdd-clear-day,c54a2f90-4762b269.jpg,7,0.136739,-2.325415
bdd-clear-day,c55da7df-537c27fd.jpg,3,0.124898,-2.723641
bdd-clear-day,c561cb9a-6b311a1c.jpg,17,0.122447,-3.534927
bdd-clear-day,c569c251-0738a573.jpg,14,0.10781,-3.180601
bdd-clear-day,c569c251-cc941b80.jpg,18,0.086576,-3.519965
bdd-clear-day,c584f2c3-83912b35.jpg,5,0.097119,-2.94605
bdd-clear-day,c587d65a-90cbad97.jpg,1,0.919698,2.438245
bdd-clear-day,c593756a-4d6ae1d1.jpg,3,0.750517,0.635456
bdd-clear-day,c5b2506d-07e406a6.jpg,8,0.178005,-2.639708
bdd-clear-day,c5b2506d-1241a008.jpg,7,0.081228,-2.854515
bdd-clear-day,c5b7db86-88bceca0.jpg,6,0.086372,-3.37405
bdd-clear-day,c5b7db86-b62a7a3f.jpg,4,0.190681,-1.804821
bdd-clear-day,c5c43551-916bcae8.jpg,16,0.102835,-3.715279
bdd-clear-day,c5e32cf6-89b8fb88.jpg,2,0.445392,-0.600701
bdd-clear-day,c5e8ab3b-6e92761c.jpg,1,0.368557,-0.53841
bdd-clear-day,c5ea1566-5388419a.jpg,5,0.093642,-2.74548
bdd-clear-day,c5eb7f02-2eeb75ed.jpg,12,0.142352,-2.614542
bdd-clear-day,c5eb7f02-4de68c54.jpg,4,0.141168,-2.053401
bdd-clear-day,c5fcf26b-c3f9aa67.jpg,1,0.092356,-2.285199
bdd-clear-day,c5fe7f8b-522055d5.jpg,10,0.059454,-3.862265
bdd-clear-day,c5feca03-0f32ddcf.jpg,12,0.101793,-3.534289
bdd-clear-day,c60d6c5c-11adb0a5.jpg,10,0.087812,-3.689203
bdd-clear-day,c62664f1-b6fec7e5.jpg,1,0.124228,-1.952988
bdd-clear-day,c62ba5b8-bfa3fbad.jpg,19,0.140185,-2.851668
bdd-clear-day,c6406d76-4b7872d2.jpg,0,1.0,0.0
bdd-clear-day,c6459d6c-e50530d0.jpg,3,0.072953,-2.95141
bdd-clear-day,c650b257-a545cebf.jpg,1,0.107752,-2.113913
bdd-clear-day,c656f999-970e284f.jpg,3,0.078169,-2.790701
bdd-clear-day,c65c2462-ccc20dff.jpg,16,0.160224,-3.036411
bdd-clear-day,c6864b90-0632ce1d.jpg,1,0.871502,1.914308
bdd-clear-day,c68a02cc-7324141d.jpg,7,0.103847,-3.413478
bdd-clear-day,c68bb3b7-ae8ce5d9.jpg,3,0.347355,-1.285411
bdd-clear-day,c68dcb6b-c30a5417.jpg,1,0.893643,2.12851
bdd-clear-day,c6921a51-c3847215.jpg,10,0.075126,-3.391363
bdd-clear-day,c696b1c8-b2fba873.jpg,10,0.107793,-3.135866
bdd-clear-day,c698371e-9085357c.jpg,4,0.87835,0.842063
bdd-clear-day,c6bb2e07-3276c201.jpg,7,0.109128,-2.784759
bdd-clear-day,c6bb8a0c-bdba1c5d.jpg,1,0.945437,2.8523
bdd-clear-day,c6d586ad-8f0af0ac.jpg,2,0.623764,0.379014
bdd-clear-day,c6d6600c-e4287c96.jpg,0,1.0,0.0
bdd-clear-day,c6f14304-88396ae1.jpg,11,0.105557,-3.13158
bdd-clear-day,c6f6368c-082957c9.jpg,6,0.129719,-2.574731
bdd-clear-day,c711ef96-c4582caa.jpg,16,0.08698,-3.271133
bdd-clear-day,c7151d3d-3db93c62.jpg,2,0.77694,0.635009
bdd-clear-day,c71a5c66-93c9eca0.jpg,3,0.147323,-2.26055
bdd-clear-day,c72373c0-af574c12.jpg,5,0.102152,-3.020062
bdd-clear-day,c737e602-e8793fdc.jpg,10,0.095746,-3.091296
bdd-clear-day,c74a122c-1494f0b4.jpg,1,0.868007,1.883447
bdd-clear-day,c7706d20-5f4987db.jpg,4,0.140047,-1.923421
bdd-clear-day,c776d10b-15486206.jpg,3,0.230983,-1.402809
bdd-clear-day,c776d10b-6732b55c.jpg,11,0.09688,-3.811455
bdd-clear-day,c776d10b-a1314ad4.jpg,8,0.085534,-3.440129
bdd-clear-day,c7955e20-3760bb8a.jpg,3,0.192248,-1.630069
bdd-clear-day,c7955e20-a156a983.jpg,3,0.122808,-2.706918
bdd-clear-day,c7955e20-b48c7a6a.jpg,7,0.132319,-2.594323
bdd-clear-day,c7a23570-73d2078f.jpg,9,0.099109,-3.369144
bdd-clear-day,c7ad303b-4957c5f8.jpg,3,0.10929,-2.446463
bdd-clear-day,c7c5969b-c0899dbc.jpg,3,0.081376,-2.464707
bdd-clear-day,c7c97006-1093a6d0.jpg,14,0.079457,-3.923524
bdd-clear-day,c7d87387-45ccc76d.jpg,0,1.0,0.0
bdd-clear-day,c7e9dd39-997378b3.jpg,8,0.09945,-3.67717
bdd-clear-day,c7f8589f-a2c6b9a4.jpg,3,0.093955,-2.568723
bdd-clear-day,c807d32d-e5383e74.jpg,2,0.257835,-1.257781
bdd-clear-day,c8152bfa-d1d0ceac.jpg,1,0.368738,-0.537634
bdd-clear-day,c81afdad-8ceefe85.jpg,1,0.167475,-1.603626
bdd-clear-day,c82d1b73-4138f567.jpg,5,0.16488,-2.585761
bdd-clear-day,c8359900-cda76263.jpg,3,0.15201,-1.79092
bdd-clear-day,c85416bd-7dfe1936.jpg,0,1.0,0.0
bdd-clear-day,c86482ef-b74850ca.jpg,8,0.091857,-3.492484
bdd-clear-day,c888a3fb-286c1528.jpg,22,0.147571,-3.520662
bdd-clear-day,c897cc2b-01aaad95.jpg,3,0.446885,-0.445586
bdd-clear-day,c89ee093-58ed3db1.jpg,6,0.14834,-2.590016
bdd-clear-day,c89fc3e2-aaab0dfb.jpg,21,0.206248,-2.84702
bdd-clear-day,c8a13aff-dfec2bff.jpg,17,0.110122,-3.750242
bdd-clear-day,c8b4e0ea-598432a7.jpg,10,0.099639,-3.031103
bdd-clear-day,c8b7195b-738b9147.jpg,1,0.148989,-1.742555
bdd-clear-day,c8bad943-c78f2df3.jpg,6,0.170349,-2.466433
bdd-clear-day,c8c21a87-5eb41ad6.jpg,1,0.79251,1.340125
bdd-clear-day,c8ed3fad-623b1616.jpg,6,0.098741,-2.786458
bdd-clear-day,c8ef6556-c033218f.jpg,8,0.249127,-1.99618
bdd-clear-day,c8efd5bf-dc61bcfd.jpg,11,0.06276,-3.725681
bdd-clear-day,c91a3cef-e63379c7.jpg,3,0.170463,-2.136746
bdd-clear-day,c91da210-1252e4c6.jpg,0,1.0,0.0
bdd-clear-day,c91da210-b1922917.jpg,3,0.063536,-2.882822
bdd-clear-day,c91eb48f-a7497694.jpg,10,0.098768,-2.925689
bdd-clear-day,c92046a2-2f8e5345.jpg,8,0.166121,-2.368512
bdd-clear-day,c9240f77-93292ea6.jpg,5,0.083404,-3.429217
bdd-clear-day,c926408d-6840aaf6.jpg,0,1.0,0.0
bdd-clear-day,c927d51b-5c078571.jpg,4,0.129582,-2.968151
bdd-clear-day,c9375798-85c143f7.jpg,13,0.128565,-2.365043
bdd-clear-day,c93dc018-9a022605.jpg,14,0.102698,-3.515642
bdd-clear-day,c9403737-55c6220f.jpg,3,0.154949,-2.338462
bdd-clear-day,c946c532-07177e0a.jpg,8,0.076717,-3.286656
bdd-clear-day,c94b896e-40638bf9.jpg,2,0.070481,-2.590207
bdd-clear-day,c96109b8-caf84a36.jpg,4,0.104158,-2.958285
bdd-clear-day,c96ffe59-25022c0b.jpg,6,0.079809,-3.535924
bdd-clear-day,c992d89e-45d612c4.jpg,5,0.433039,-1.006774
bdd-clear-day,c993615f-20359e85.jpg,9,0.101234,-3.56285
bdd-clear-day,c9a2a6db-a5b0a35d.jpg,6,0.109032,-3.12037
bdd-clear-day,c9aa50be-9e8cd399.jpg,7,0.15521,-2.422033
bdd-clear-day,c9b55e48-8c2b4097.jpg,2,0.259855,-1.095387
bdd-clear-day,c9b82f4e-454a5878.jpg,5,0.152259,-2.720706
bdd-clear-day,c9c31e57-45b42452.jpg,8,0.132994,-3.191985
bdd-clear-day,ca057c8b-e42f0882.jpg,3,0.295994,-0.939596
bdd-clear-day,ca095e13-3477eff3.jpg,15,0.106265,-3.675438
bdd-clear-day,ca21055c-a1a80ec4.jpg,7,0.085674,-3.17676
bdd-clear-day,ca2bcf0e-69e964d2.jpg,4,0.07068,-2.778332
bdd-clear-day,ca4bdfab-34ec6a3a.jpg,4,0.097345,-2.451148
bdd-clear-day,fe1d74f0-5cdc4057.jpg,1,0.086663,-2.355079
bdd-clear-day,fe1d9184-d144106a.jpg,14,0.11638,-3.50108
bdd-clear-day,fe1f2409-c16ea1ed.jpg,4,0.325787,-1.242662
bdd-night,b1c81faa-3df17267.jpg,0,1.0,0.0
bdd-night,b1e2346e-c5f98707.jpg,0,1.0,0.0
bdd-night,b1ebfc3c-cc9c2bb8.jpg,0,1.0,0.0
bdd-night,b1ee702d-0ae1fc10.jpg,0,1.0,0.0
bdd-night,b1ee702d-4a193906.jpg,4,0.50648,-0.674486
bdd-night,b20b1e63-4d8478a4.jpg,2,0.709913,0.731596
bdd-night,b20eae11-149766ce.jpg,0,1.0,0.0
bdd-night,b2102d00-a8c09be1.jpg,2,0.866881,1.489536
bdd-night,b214d1e1-f248c616.jpg,2,0.893774,1.705444
bdd-night,b21bfb83-ea32f716.jpg,2,0.38095,-0.575198
bdd-night,b22e02cd-6af68e18.jpg,0,1.0,0.0
bdd-night,b230a7b2-c881c382.jpg,0,1.0,0.0
bdd-night,b23adb0d-8a7aaced.jpg,0,1.0,0.0
bdd-night,b242f6b2-99d2f2c1.jpg,0,1.0,0.0
bdd-night,b24380ab-855e9c00.jpg,0,1.0,0.0
bdd-night,b24380ab-c07680d1.jpg,0,1.0,0.0
bdd-night,b24bdca1-e4f0c558.jpg,1,0.285965,-0.915063
bdd-night,b255cd6c-82c804d4.jpg,2,0.902182,1.668434
bdd-night,b26ba07a-203e440c.jpg,1,0.180416,-1.513528
bdd-night,b26ba07a-38f78442.jpg,0,1.0,0.0
bdd-night,b29f09ea-911177ce.jpg,1,0.341683,-0.655805
bdd-night,b29f9214-4846c10c.jpg,4,0.240174,-1.551708
bdd-night,b2a60634-40847419.jpg,0,1.0,0.0
bdd-night,b2c5110e-ef7e4997.jpg,0,1.0,0.0
bdd-night,b2d4c878-2267ca6d.jpg,1,0.920893,2.454548
bdd-night,b2dde0d9-1303a9ef.jpg,0,1.0,0.0
bdd-night,b2ff6aba-fa4ac7d7.jpg,1,0.735629,1.023373
bdd-night,b30b460d-0e26bd8a.jpg,3,0.078846,-2.662299
bdd-night,b30b460d-f081f92b.jpg,2,0.189172,-1.487097
bdd-night,b310be3f-c5d5e18c.jpg,0,1.0,0.0
bdd-night,b3158519-6afea489.jpg,0,1.0,0.0
bdd-night,b334b56d-8296ef57.jpg,1,0.799384,1.382446
bdd-night,b3433dec-e7a93351.jpg,0,1.0,0.0
bdd-night,b3841888-101ea0f3.jpg,13,0.334783,-1.26983
bdd-night,b388f9b2-55dbd56a.jpg,0,1.0,0.0
bdd-night,b39519c6-7f66da0f.jpg,0,1.0,0.0
bdd-night,b3a102ed-6ef54f5e.jpg,6,0.186352,-2.213991
bdd-night,b3b9ee6e-6d2617d1.jpg,0,1.0,0.0
bdd-night,b3ce9f98-2b3d06d6.jpg,0,1.0,0.0
bdd-night,b4253085-3de357a1.jpg,2,0.138132,-1.844084
bdd-night,b4253085-ce679d21.jpg,0,1.0,0.0
bdd-night,b42df626-243bcce8.jpg,0,1.0,0.0
bdd-night,b44a7e5f-1db66cfe.jpg,2,0.895016,1.515584
bdd-night,b44cb319-fb4c4b4f.jpg,0,1.0,0.0
bdd-night,b454034b-d84dae74.jpg,1,0.925862,2.524793
bdd-night,b4561bec-26a99096.jpg,3,0.490226,-0.18741
bdd-night,b45f2c17-2cae6d9f.jpg,0,1.0,0.0
bdd-night,b4607812-9259ade8.jpg,0,1.0,0.0
bdd-night,b464d209-9e91f389.jpg,0,1.0,0.0
bdd-night,b48a6dea-df402aaa.jpg,0,1.0,0.0
bdd-night,b48dd7b4-9cc0d29a.jpg,0,1.0,0.0
bdd-night,b4b394c2-148397ab.jpg,0,1.0,0.0
bdd-night,b4b6fd78-b1f488c2.jpg,1,0.755061,1.125791
bdd-night,b4b6fd78-e96e5ab8.jpg,0,1.0,0.0
bdd-night,b4b9c39d-6409d1fd.jpg,1,0.64986,0.618425
bdd-night,b4c0a877-66fc6239.jpg,0,1.0,0.0
bdd-night,b4d18d1a-e9faf80a.jpg,0,1.0,0.0
bdd-night,b4d2dede-0f9169f5.jpg,2,0.108327,-2.115384
bdd-night,b4d73ce8-d5b360f5.jpg,1,0.28044,-0.942279
bdd-night,b4f65b32-ff644e07.jpg,1,0.177851,-1.530973
bdd-night,b5261cec-aac2f91a.jpg,0,1.0,0.0
bdd-night,b52949cd-2439cac6.jpg,8,0.511216,-0.987261
bdd-night,b54578dc-5a2c0b63.jpg,1,0.727385,0.981398
bdd-night,b5465c6e-5b162b85.jpg,0,1.0,0.0
bdd-night,b5465c6e-7858e23d.jpg,0,1.0,0.0
bdd-night,b54735e3-b251b872.jpg,2,0.485567,-0.635487
bdd-night,b54793ac-3770583a.jpg,0,1.0,0.0
bdd-night,b55569e8-282a99fe.jpg,0,1.0,0.0
bdd-night,b555a636-270a146b.jpg,2,0.399148,-1.025254
bdd-night,b55c17aa-3a1df47a.jpg,0,1.0,0.0
bdd-night,b568371d-db4fb582.jpg,1,0.515023,0.060112
bdd-night,b56edcfa-cf47f5af.jpg,0,1.0,0.0
bdd-night,b57c8f5a-b427a4b7.jpg,0,1.0,0.0
bdd-night,b586b979-c563c3e2.jpg,7,0.331071,-1.529492
bdd-night,b58aff80-4fd89ca0.jpg,0,1.0,0.0
bdd-night,b5a4db41-1b4f91b0.jpg,0,1.0,0.0
bdd-night,b5b78553-f3a480a1.jpg,0,1.0,0.0
bdd-night,b5d7832a-63caf5b3.jpg,0,1.0,0.0
bdd-night,b5dd8a5f-431c4fc2.jpg,1,0.450758,-0.197608
bdd-night,b5dd8a5f-9e1a2077.jpg,0,1.0,0.0
bdd-night,b5f7a789-10124031.jpg,0,1.0,0.0
bdd-night,b5ff07b5-c8fe49f4.jpg,0,1.0,0.0
bdd-night,b605d5d8-7d6ea5cc.jpg,0,1.0,0.0
bdd-night,b62bef56-3f15e2c9.jpg,0,1.0,0.0
bdd-night,b645271a-cd9ec256.jpg,0,1.0,0.0
bdd-night,b645e381-3d9a5456.jpg,0,1.0,0.0
bdd-night,b64e5796-be9c7667.jpg,1,0.651517,0.625712
bdd-night,b65081c3-9fb008e3.jpg,2,0.937692,2.034634
bdd-night,b6642e30-d87afdb2.jpg,1,0.948891,2.921328
bdd-night,b6741a2c-5a933eb6.jpg,1,0.893853,2.130714
bdd-night,b674bc13-3e309d54.jpg,1,0.933179,2.636573
bdd-night,b674bc13-41fca4db.jpg,0,1.0,0.0
bdd-night,b68a0153-2c58a0e3.jpg,1,0.931294,2.606734
bdd-night,b69173a4-d0c92583.jpg,2,0.91384,1.833732
bdd-night,b69d81dd-35fbc1cf.jpg,4,0.810438,0.674747
bdd-night,b6aeb288-c860c9a2.jpg,1,0.945446,2.852461
bdd-night,b6c2a409-b0dacc13.jpg,3,0.347624,-0.714635
bdd-night,b6c771db-9c243cab.jpg,1,0.378367,-0.496485
bdd-night,b6c938b0-c1d453f8.jpg,1,0.17119,-1.577219
bdd-night,b6cbfcf4-cfa37f13.jpg,1,0.327891,-0.71774
bdd-night,b6d0b9d1-3460a220.jpg,0,1.0,0.0
bdd-night,b6ea1520-1bd7b870.jpg,3,0.798217,0.714037
bdd-night,b6f77fda-2531c3a3.jpg,5,0.616988,-0.089702
bdd-night,b6ffe7bd-35e5adfb.jpg,0,1.0,0.0
bdd-night,b6ffe7bd-fd52b51e.jpg,0,1.0,0.0
bdd-night,b71f13d6-b07faf5f.jpg,3,0.581816,-0.165883
bdd-night,b721f994-43356f34.jpg,1,0.703423,0.863651
bdd-night,b7234188-8102b743.jpg,0,1.0,0.0
bdd-night,b750dfba-288937b9.jpg,3,0.318235,-0.916761
bdd-night,b7548e7c-9b143316.jpg,0,1.0,0.0
bdd-night,b7b3a558-82db42a5.jpg,0,1.0,0.0
bdd-night,b7bcc17a-6d53c833.jpg,0,1.0,0.0
bdd-night,b7bcc17a-7feae7dd.jpg,0,1.0,0.0
bdd-night,b7dc9921-4c58cd1b.jpg,1,0.862958,1.840075
bdd-night,b7e17f40-859096c9.jpg,0,1.0,0.0
bdd-night,b7f1241e-de8783e8.jpg,1,0.94133,2.775372
bdd-night,b7fc572c-f8a3e313.jpg,0,1.0,0.0
bdd-night,b80b91c9-9a644aba.jpg,1,0.679977,0.753665
bdd-night,b836ef61-1a8aa776.jpg,2,0.283729,-0.98213
bdd-night,b83b8572-29d97c92.jpg,0,1.0,0.0
bdd-night,b83e4275-fe67ecbd.jpg,0,1.0,0.0
bdd-night,b84dbc8e-94bbc315.jpg,0,1.0,0.0
bdd-night,b87366af-3fb3389e.jpg,0,1.0,0.0
bdd-night,b87a03a9-c9da2b1a.jpg,2,0.148031,-2.037747
bdd-night,b8ab4367-297944fb.jpg,0,1.0,0.0
bdd-night,b8b84774-58b7527d.jpg,1,0.382163,-0.480377
bdd-night,b8cd6a1b-84ae1442.jpg,0,1.0,0.0
bdd-night,b8cf7112-d0f7365c.jpg,0,1.0,0.0
bdd-night,b8e675b0-2345da2d.jpg,1,0.531194,0.124938
bdd-night,b8f5912b-5dd97fdd.jpg,0,1.0,0.0
bdd-night,b90bcbaa-99b962db.jpg,1,0.945025,2.844337
bdd-night,b92a7fe6-0042ff16.jpg,0,1.0,0.0
bdd-night,b940ba87-26950497.jpg,1,0.944898,2.841889
bdd-night,b96c88de-bf71b865.jpg,0,1.0,0.0
bdd-night,b979b89c-d7e084b9.jpg,1,0.721003,0.949442
bdd-night,b98bd627-ef76afa3.jpg,1,0.148846,-1.743681
bdd-night,b99c5931-2ded1a3c.jpg,3,0.089375,-2.465858
bdd-night,b99c5931-4e76f057.jpg,14,0.609609,-0.781545
bdd-night,b9af5d7a-58dc5c98.jpg,1,0.114714,-2.043466
bdd-night,b9bafa5a-f6a3f4da.jpg,0,1.0,0.0
bdd-night,b9bdeae4-ee607bbc.jpg,0,1.0,0.0
bdd-night,b9c067bf-9bc4ccd1.jpg,0,1.0,0.0
bdd-night,b9c11ffc-8c6c2eb0.jpg,0,1.0,0.0
bdd-night,b9c66ce6-57fa7e69.jpg,0,1.0,0.0
bdd-night,b9d11a21-9cc4a8bb.jpg,1,0.452452,-0.19077
bdd-night,b9e1e369-c7cc0c47.jpg,1,0.214553,-1.297697
bdd-night,b9fb5382-36e88642.jpg,0,1.0,0.0
bdd-night,b9fb5382-76c75580.jpg,3,0.512403,-0.093036
bdd-night,ba087e53-ef362be0.jpg,0,1.0,0.0
bdd-night,ba0a827b-dfcec16f.jpg,0,1.0,0.0
bdd-night,ba15261b-46e2755d.jpg,0,1.0,0.0
bdd-night,ba3dfc2c-1b22491c.jpg,1,0.920903,2.45468
bdd-night,ba3f4265-46c99d41.jpg,0,1.0,0.0
bdd-night,ba49e65a-773f5f54.jpg,0,1.0,0.0
bdd-night,ba65317f-d4aba330.jpg,0,1.0,0.0
bdd-night,ba786070-0826a5d7.jpg,0,1.0,0.0
bdd-night,ba908c74-f486f96e.jpg,0,1.0,0.0
bdd-night,ba9e2861-004544a0.jpg,2,0.659223,0.507787
bdd-night,baa57aaf-b80b0054.jpg,0,1.0,0.0
bdd-night,bae4f394-11239e42.jpg,0,1.0,0.0
bdd-night,baeab53a-cefd6619.jpg,0,1.0,0.0
bdd-night,baef72b1-4fd009a7.jpg,6,0.609679,-0.271853
bdd-night,baf399e3-e2f279fa.jpg,0,1.0,0.0
bdd-night,bb01eaee-b8f0ebe3.jpg,2,0.932398,2.036758
bdd-night,bb0c13d5-ef1bd4e0.jpg,0,1.0,0.0
bdd-night,bb198c24-66cf3fcb.jpg,0,1.0,0.0
bdd-night,bb1b7d8c-916a2c96.jpg,2,0.096311,-2.258423
bdd-night,bb49071c-4b99a704.jpg,1,0.72414,0.965089
bdd-night,bb4ab21e-60851cf9.jpg,1,0.88083,2.000316
bdd-night,bb7696a2-4c117c92.jpg,5,0.586802,-0.531146
bdd-night,bb76a219-47562e4c.jpg,1,0.947643,2.895898
bdd-night,bb799f71-b76b80fc.jpg,0,1.0,0.0
bdd-night,bb81a7a9-4469e43e.jpg,1,0.939129,2.736201
bdd-night,bb8f6c9a-9be5142a.jpg,6,0.250092,-1.924071
bdd-night,bb9c9020-21673e60.jpg,0,1.0,0.0
bdd-night,bba45236-90850465.jpg,0,1.0,0.0
bdd-night,bbac8de0-3e6d9391.jpg,3,0.465024,-0.291529
bdd-night,bbc06e30-64bcf017.jpg,1,0.170221,-1.584062
bdd-night,bbc06e30-aa1ed8ea.jpg,1,0.100489,-2.191808
bdd-night,bbcf6d54-2e46ed62.jpg,0,1.0,0.0
bdd-night,bbcf6d54-9e66bc23.jpg,2,0.517041,-0.055044
bdd-night,bbd03dac-457dcb31.jpg,0,1.0,0.0
bdd-night,bbe7c596-88457d26.jpg,1,0.455876,-0.176958
bdd-night,bbf3d83d-1a478458.jpg,1,0.762223,1.164906
bdd-night,bbff5146-d503a17e.jpg,0,1.0,0.0
bdd-night,bc053dc7-55612a00.jpg,0,1.0,0.0
bdd-night,bc24f222-27a9e3d1.jpg,0,1.0,0.0
bdd-night,bc280a80-42084620.jpg,0,1.0,0.0
bdd-night,bc308aee-b3a48c42.jpg,0,1.0,0.0
bdd-night,bc31a829-c73df3f7.jpg,1,0.319403,-0.756519
bdd-night,bc45ad96-42d305c5.jpg,0,1.0,0.0
bdd-night,bc4b0294-c59cadbf.jpg,0,1.0,0.0
bdd-night,bc574681-412ec1a0.jpg,0,1.0,0.0
bdd-night,bc692855-0e184c98.jpg,5,0.857788,0.856274
bdd-night,bc715fc7-fab6edbb.jpg,3,0.082722,-2.420443
bdd-night,bc7e80ed-0011e5a7.jpg,1,0.613779,0.463224
bdd-night,bc80e6a7-aafb7124.jpg,3,0.744337,0.673969
bdd-night,bc915645-a19e009d.jpg,2,0.908742,1.861753
bdd-night,bc9f07c9-31204bc9.jpg,0,1.0,0.0
bdd-night,bc9fdda7-9f95011e.jpg,0,1.0,0.0
bdd-night,bca15e46-5d0a4a30.jpg,0,1.0,0.0
bdd-night,bca15e46-ea057e87.jpg,0,1.0,0.0
bdd-night,bca3720a-72374014.jpg,0,1.0,0.0
bdd-night,bca3720a-9c3aad8c.jpg,2,0.156318,-1.720109
bdd-night,bcb441fc-a88da923.jpg,0,1.0,0.0
bdd-night,bcbaa999-aeee8ed7.jpg,5,0.372562,-0.912425
bdd-night,bcbc98a8-a22cb67b.jpg,0,1.0,0.0
bdd-night,bcf55067-c58fe85b.jpg,9,0.274567,-1.21767
bdd-night,bd115f00-0b9baf0b.jpg,0,1.0,0.0
bdd-night,bd137ab1-ab686c3d.jpg,0,1.0,0.0
bdd-night,bd1ae0c2-a649baaa.jpg,0,1.0,0.0
bdd-night,bd1e4e5b-2a9ffc3f.jpg,3,0.860328,1.060193
bdd-night,bd290539-e1efc276.jpg,0,1.0,0.0
bdd-night,bd355fcc-c72ca547.jpg,0,1.0,0.0
bdd-night,bd554ae8-2c8c08df.jpg,0,1.0,0.0
bdd-night,bd64fd99-8e69563f.jpg,1,0.837411,1.639089
bdd-night,bd656105-db296383.jpg,0,1.0,0.0
bdd-night,bd6dcefc-68d695b9.jpg,0,1.0,0.0
bdd-night,bd92f6ee-8128cb11.jpg,2,0.701894,0.222291
bdd-night,bd92f6ee-e7e097b5.jpg,0,1.0,0.0
bdd-night,bd9881c7-682619d1.jpg,0,1.0,0.0
bdd-night,bd989210-5855f1e4.jpg,1,0.334159,-0.689434
bdd-night,bd99da12-66a3321c.jpg,2,0.858668,1.355755
bdd-night,bdacfa22-5563c8aa.jpg,1,0.679613,0.751996
bdd-night,bdb2f6cb-5c0f0ee8.jpg,0,1.0,0.0
bdd-night,bdb56045-34d3f697.jpg,1,0.875825,1.953472
bdd-night,bddce207-87f8c60f.jpg,0,1.0,0.0
bdd-night,bde10ba1-966885c2.jpg,1,0.917044,2.402846
bdd-night,bde4c586-85d19762.jpg,1,0.262879,-1.031059
bdd-night,bdf33dc4-ae128055.jpg,4,0.425339,-0.751081
bdd-night,be06ff35-0a94dfb1.jpg,0,1.0,0.0
bdd-night,be10fa73-799d904b.jpg,1,0.239774,-1.153916
bdd-night,be18f4e6-a2770590.jpg,0,1.0,0.0
bdd-night,be1ed8ce-38edbe34.jpg,1,0.930404,2.592917
bdd-night,be273f87-7aca9df7.jpg,1,0.580018,0.322848
bdd-night,be42bfaa-3ebf6b5c.jpg,12,0.318802,-1.522759
bdd-night,be42e5e6-33445d5b.jpg,0,1.0,0.0
bdd-night,be4ca8c8-d651db6c.jpg,0,1.0,0.0
bdd-night,be4cbd00-97fec78b.jpg,1,0.892159,2.112983
bdd-night,be52b29f-61846699.jpg,3,0.164844,-1.647312
bdd-night,be52b29f-aa3b290b.jpg,0,1.0,0.0
bdd-night,be832d0b-0ed20122.jpg,0,1.0,0.0
bdd-night,be8b8284-01e2400c.jpg,1,0.794784,1.354008
bdd-night,be8b8284-18138380.jpg,1,0.928026,2.556754
bdd-night,be9a438d-fec060b0.jpg,1,0.938842,2.73118
bdd-night,bea3ece7-e73287ff.jpg,0,1.0,0.0
bdd-night,beb12388-c1f4f3b1.jpg,1,0.188032,-1.462848
bdd-night,bec165a2-cc4b47ed.jpg,4,0.774492,0.127966
bdd-night,bedb6dc2-777e4568.jpg,0,1.0,0.0
bdd-night,bee05c71-de853116.jpg,0,1.0,0.0
bdd-night,bee6e5eb-3269dda9.jpg,2,0.712202,0.756513
bdd-night,bee6f1ed-04d4eed4.jpg,0,1.0,0.0
bdd-night,bee6f1ed-d8ef19e6.jpg,0,1.0,0.0
bdd-night,beeaded5-7cb91618.jpg,0,1.0,0.0
bdd-night,bef60eb6-b92e9131.jpg,1,0.706229,0.877137
bdd-night,bef77538-a89b1dfa.jpg,1,0.397631,-0.415345
bdd-night,bef7c739-8821d482.jpg,0,1.0,0.0
bdd-night,bef906fc-b88eb3a5.jpg,0,1.0,0.0
bdd-night,beff1d1c-cd927d17.jpg,1,0.940783,2.765503
bdd-night,bf05e3be-96b558db.jpg,1,0.561592,0.247625
bdd-night,bf1a30f8-9e0a449f.jpg,1,0.441201,-0.23629
bdd-night,bf1e5669-bbaafa89.jpg,1,0.869186,1.893783
bdd-night,bf1f6e6e-3e47c0f7.jpg,0,1.0,0.0
bdd-night,bf245ae0-7630688e.jpg,0,1.0,0.0
bdd-night,bf482378-d236a3a7.jpg,4,0.289214,-1.070562
bdd-night,bf527384-894c88c6.jpg,1,0.886016,2.050682
bdd-night,bf61730d-6e8eedcc.jpg,1,0.91317,2.352971
bdd-night,bf62fab5-912af759.jpg,0,1.0,0.0
bdd-night,bf6315ee-a77e1bb2.jpg,3,0.088638,-2.390055
bdd-night,bf688d4d-54210a91.jpg,4,0.86726,0.693213
bdd-night,bf688d4d-e96a15d5.jpg,1,0.361472,-0.568979
bdd-night,bf77e9b1-f693c2f5.jpg,0,1.0,0.0
bdd-night,bf80a27d-2933a89a.jpg,0,1.0,0.0
bdd-night,bf8220b9-086e9e29.jpg,0,1.0,0.0
bdd-night,bf8ff5f5-1133a840.jpg,4,0.303118,-1.370269
bdd-night,bf928096-9b96d95f.jpg,0,1.0,0.0
bdd-night,bfaa2229-c1b190bb.jpg,1,0.099905,-2.198284
bdd-night,bfacd805-eb6140c4.jpg,10,0.56199,-1.292401
bdd-night,bfba9eb5-64a87010.jpg,2,0.328475,-0.781052
bdd-night,bfc0402e-23a0568c.jpg,0,1.0,0.0
bdd-night,bfe75427-6cd46203.jpg,0,1.0,0.0
bdd-night,bffc4ac6-08b91b4d.jpg,0,1.0,0.0
bdd-night,c00fffc0-bd41df0c.jpg,1,0.847897,1.718203
bdd-night,c01feca6-4fe11029.jpg,1,0.748552,1.090905
bdd-night,c0209255-980acc6a.jpg,0,1.0,0.0
bdd-night,c04192a3-8f5b4646.jpg,1,0.281808,-0.935511
bdd-night,c0625a26-ef2bcca4.jpg,0,1.0,0.0
bdd-night,c080a244-66dd9e1f.jpg,0,1.0,0.0
bdd-night,c08493f0-7e15983d.jpg,1,0.948116,2.905473
bdd-night,c084d6cb-9113f4ba.jpg,0,1.0,0.0
bdd-night,c08ac802-ada02f31.jpg,0,1.0,0.0
bdd-night,c08eacf9-8054501c.jpg,1,0.090024,-2.313338
bdd-night,c08eacf9-a819d218.jpg,0,1.0,0.0
bdd-night,c0a6cfd6-c22af944.jpg,2,0.461278,-0.82638
bdd-night,c0ca0e6f-4236bfe6.jpg,0,1.0,0.0
bdd-night,c0da08cc-444b48f0.jpg,0,1.0,0.0
bdd-night,c10aed37-ad2cda9b.jpg,1,0.911448,2.33145
bdd-night,c1252547-1492d53d.jpg,0,1.0,0.0
bdd-night,c1362f73-ddc9206a.jpg,1,0.881036,2.002275
bdd-night,c13b9590-500de09d.jpg,2,0.361798,-0.608397
bdd-night,c146708c-9119a8a3.jpg,2,0.900085,1.565826
bdd-night,c150584d-0c5c8f75.jpg,0,1.0,0.0
bdd-night,c159a842-cdc7a8cd.jpg,0,1.0,0.0
bdd-night,c16613ce-b065ed48.jpg,4,0.245838,-1.558037
bdd-night,c17935d5-6da1bc64.jpg,0,1.0,0.0
bdd-night,c17b2387-acbe59ce.jpg,0,1.0,0.0
bdd-night,c1947e09-4ec75b70.jpg,0,1.0,0.0
bdd-night,c1a026fd-6c19a089.jpg,1,0.417054,-0.334877
bdd-night,c1a026fd-7fa757fd.jpg,0,1.0,0.0
bdd-night,c1c8b782-bd19a1f1.jpg,0,1.0,0.0
bdd-night,c1d9b74d-f9ebe548.jpg,1,0.428778,-0.28684
bdd-night,c1de2ece-05370fe3.jpg,0,1.0,0.0
bdd-night,c1f279ae-67dfd217.jpg,1,0.942946,2.805016
bdd-night,c1f35f18-3c7d204b.jpg,0,1.0,0.0
bdd-night,c1f35f18-b78de93e.jpg,0,1.0,0.0
bdd-night,c1f47a2c-6ff02223.jpg,0,1.0,0.0
bdd-night,c1f8d9b3-06b1c09d.jpg,0,1.0,0.0
bdd-night,c1f8d9b3-683c824f.jpg,0,1.0,0.0
bdd-night,c1f8d9b3-7cb2d56b.jpg,0,1.0,0.0
bdd-night,c1f8d9b3-c550f84e.jpg,0,1.0,0.0
bdd-night,c21fba09-f4501c68.jpg,0,1.0,0.0
bdd-night,c2461a5a-936bf379.jpg,2,0.351712,-0.718451
bdd-night,c2461a5a-c6094472.jpg,3,0.614018,-0.02418
bdd-night,c24ab4b6-3f1b1b45.jpg,1,0.746,1.077393
bdd-night,c26f2635-1d311675.jpg,0,1.0,0.0
bdd-night,c288c7a7-785cdad5.jpg,2,0.886728,1.555726
bdd-night,c2a26f9b-f5f43bb4.jpg,1,0.814573,1.480001
bdd-night,c2b673e4-93811ad0.jpg,0,1.0,0.0
bdd-night,c2c2b345-0bd03595.jpg,0,1.0,0.0
bdd-night,c2c8b275-cd37b639.jpg,3,0.733335,0.517898
bdd-night,c2d84b6d-36aacbc8.jpg,0,1.0,0.0
bdd-night,c2e9a1b8-e631ecd9.jpg,0,1.0,0.0
bdd-night,c2eb1910-39269c22.jpg,1,0.586115,0.347928
bdd-night,c2ef33b3-561067be.jpg,1,0.346931,-0.632558
bdd-night,c2f2f742-e24a5d3d.jpg,0,1.0,0.0
bdd-night,c3061560-e5d3971d.jpg,3,0.854366,1.230262
bdd-night,c31aa969-9cd15ede.jpg,0,1.0,0.0
bdd-night,c321a98d-e1a9c503.jpg,0,1.0,0.0
bdd-night,c328b7ab-8bb33358.jpg,0,1.0,0.0
bdd-night,c33a646b-70d40dc3.jpg,0,1.0,0.0
bdd-night,c3719317-3ea7c35e.jpg,4,0.907757,1.177548
bdd-night,c37b517d-477f8143.jpg,2,0.810191,1.167409
bdd-night,c3812229-47c8e5f2.jpg,0,1.0,0.0
bdd-night,c3949a9e-7ee214aa.jpg,0,1.0,0.0
bdd-night,c3968de8-ba91cf82.jpg,0,1.0,0.0
bdd-night,c39807d2-936e95ae.jpg,2,0.497419,-0.090649
bdd-night,c3ac34e8-2701e034.jpg,0,1.0,0.0
bdd-night,c3ac34e8-a07ac73e.jpg,1,0.927262,2.545365
bdd-night,c3bf9cd8-4c3187c7.jpg,3,0.388348,-1.220912
bdd-night,c3c43f15-b0ed775c.jpg,3,0.412699,-0.46323
bdd-night,c3ce46d8-9ca61ff7.jpg,0,1.0,0.0
bdd-night,c3dde797-7bb8b56c.jpg,1,0.928779,2.56809
bdd-night,c41b6f56-ac54b332.jpg,0,1.0,0.0
bdd-night,c426ec74-d878b23e.jpg,4,0.192948,-2.024818
bdd-night,c44bf71d-c073c94e.jpg,0,1.0,0.0
bdd-night,c44f673a-a7429e84.jpg,1,0.898236,2.177775
bdd-night,c45cf21f-c11847dd.jpg,14,0.132393,-2.548268
bdd-night,c4742900-38974bfd.jpg,2,0.640514,0.406285
bdd-night,c4742900-539e74f4.jpg,1,0.9328,2.63051
bdd-night,c4742900-5be69e5b.jpg,0,1.0,0.0
bdd-night,c4756fa2-027007f8.jpg,0,1.0,0.0
bdd-night,c48ba79f-d11f6d9b.jpg,1,0.917754,2.412218
bdd-night,c48e9b2e-0edd0832.jpg,0,1.0,0.0
bdd-night,c49c8353-6d4b36f5.jpg,2,0.805266,0.998585
bdd-night,c49c8353-8a2e64e2.jpg,2,0.212113,-1.861034
bdd-night,c49c8353-ec5d3b29.jpg,1,0.511775,0.047108
bdd-night,c49c8353-f56b7e30.jpg,1,0.871056,1.910327
bdd-night,c4cb6f64-283904da.jpg,0,1.0,0.0
bdd-night,c4cc2bbd-a4913bdf.jpg,1,0.707595,0.883734
bdd-night,c4d7185b-6c141918.jpg,0,1.0,0.0
bdd-night,c4e92086-e0ea5438.jpg,6,0.139844,-3.017097
bdd-night,c53bb16d-509a7840.jpg,0,1.0,0.0
bdd-night,c540a708-e1a4ff73.jpg,5,0.135716,-2.481495
bdd-night,c55332bb-cdf3fe55.jpg,0,1.0,0.0
bdd-night,c55d0615-f1eb15ca.jpg,1,0.838635,1.648105
bdd-night,c55fef10-97ed70d9.jpg,0,1.0,0.0
bdd-night,c56ad92a-ff0ebcb2.jpg,0,1.0,0.0
bdd-night,c5718931-d5862304.jpg,5,0.197122,-2.393545
bdd-night,c57906c2-4fd67f12.jpg,1,0.911874,2.336739
bdd-night,c5792511-7e5cec42.jpg,2,0.254333,-1.744947
bdd-night,c585c0c4-f0596352.jpg,0,1.0,0.0
bdd-night,c586b898-260e642f.jpg,0,1.0,0.0
bdd-night,c586b898-99a46642.jpg,0,1.0,0.0
bdd-night,c5895bc5-f14bcbec.jpg,0,1.0,0.0
bdd-night,c58bb853-256a6c3e.jpg,0,1.0,0.0
bdd-night,c593b804-4c08d1a1.jpg,0,1.0,0.0
bdd-night,c5a805c8-318bd605.jpg,0,1.0,0.0
bdd-night,c5c48d80-4204c6c7.jpg,0,1.0,0.0
bdd-night,c5c48d80-d0a65d93.jpg,0,1.0,0.0
bdd-night,c5f0cacd-3c4333b4.jpg,1,0.936013,2.682958
bdd-night,c5ffb92c-67f32de8.jpg,1,0.944664,2.837398
bdd-night,c614250f-8197deb8.jpg,2,0.799232,1.131586
bdd-night,c6193869-d2f9aed1.jpg,2,0.43106,-0.403522
bdd-night,c6549c4a-525a2429.jpg,0,1.0,0.0
bdd-night,c6549c4a-b2454b41.jpg,1,0.585922,0.347132
bdd-night,c65628b7-8260b5b1.jpg,0,1.0,0.0
bdd-night,c65628b7-82c1aa6f.jpg,0,1.0,0.0
bdd-night,c661115f-f6d1c64b.jpg,0,1.0,0.0
bdd-night,c66202a8-69baf495.jpg,12,0.189492,-2.352087
bdd-night,c66cd6fa-e9647604.jpg,7,0.088911,-2.591264
bdd-night,c676514a-85a373fc.jpg,1,0.947971,2.902523
bdd-night,c678271e-1cc5809d.jpg,1,0.796186,1.362625
bdd-night,c678271e-55faa3a7.jpg,1,0.878029,1.973898
bdd-night,c690ecdd-1dd0cb93.jpg,3,0.916572,1.445891
bdd-night,c69e5864-010993d7.jpg,0,1.0,0.0
bdd-night,c69e5864-06a7595c.jpg,0,1.0,0.0
bdd-night,c69e5864-73ad0cfc.jpg,0,1.0,0.0
bdd-night,c6a365eb-7d11a7c1.jpg,4,0.77967,0.502535
bdd-night,c6bf8d8a-d624de6b.jpg,0,1.0,0.0
bdd-night,c6c75718-c93cfdd7.jpg,1,0.858782,1.805211
bdd-night,c6d51f76-d2459db8.jpg,2,0.849586,1.406417
bdd-night,c6d6c72d-e3bb94af.jpg,1,0.936048,2.683536
bdd-night,c6e17725-4e651f0a.jpg,0,1.0,0.0
bdd-night,c6ec3031-cb866ce6.jpg,4,0.627572,-0.211875
bdd-night,c6ef5bc4-1ce53885.jpg,1,0.94378,2.820618
bdd-night,c6fea8ac-24b0027a.jpg,1,0.941183,2.772702
bdd-night,c6ffd190-c9536b0b.jpg,0,1.0,0.0
bdd-night,c7292daf-2ae2a507.jpg,2,0.71661,0.625114
bdd-night,c7339013-3979b7a2.jpg,1,0.318294,-0.761623
bdd-night,c740132e-3c47b4b5.jpg,0,1.0,0.0
bdd-night,c7416644-6723bcd7.jpg,0,1.0,0.0
bdd-night,c7472294-e121cc79.jpg,1,0.814417,1.478967
bdd-night,c748c1a1-55dcbfcd.jpg,1,0.859359,1.809976
bdd-night,c74c11fc-50025b5d.jpg,0,1.0,0.0
bdd-night,c74fff46-bcbcf958.jpg,4,0.148596,-1.815748
bdd-night,c74fff46-e992d40c.jpg,2,0.51702,0.012514
bdd-night,c752e922-dc304441.jpg,2,0.506306,-0.054024
bdd-night,c75e23fe-fbadb3fa.jpg,7,0.114905,-2.631894
bdd-night,c7782d73-8f4c444c.jpg,0,1.0,0.0
bdd-night,c7790bd2-299c163c.jpg,1,0.103041,-2.163888
bdd-night,c77c73fc-465be2e8.jpg,2,0.138822,-1.83707
bdd-night,c77ce550-150463e5.jpg,0,1.0,0.0
bdd-night,c77ed723-8715d065.jpg,0,1.0,0.0
bdd-night,c7894612-eab9f189.jpg,0,1.0,0.0
bdd-night,c7911b64-108fc2cd.jpg,0,1.0,0.0
bdd-night,c7926696-3661975d.jpg,0,1.0,0.0
bdd-night,c79687a5-a0f3794d.jpg,5,0.869608,0.68554
bdd-night,c79be479-f3c6c42d.jpg,0,1.0,0.0
bdd-night,c79de76f-e52908de.jpg,3,0.452982,-0.784474
bdd-night,c7b32a0d-71d3cce5.jpg,0,1.0,0.0
bdd-night,c7d1b792-8a24c40e.jpg,2,0.684952,0.253264
bdd-night,c7dbe674-55c1fda0.jpg,0,1.0,0.0
bdd-night,c7e25b5f-5c098837.jpg,2,0.862879,1.322852
bdd-night,c7e64b14-990b5da5.jpg,0,1.0,0.0
bdd-night,c7eab2ff-1292c919.jpg,0,1.0,0.0
bdd-night,c7eab2ff-34e0497b.jpg,1,0.914643,2.371687
bdd-night,c7eab2ff-8737167f.jpg,0,1.0,0.0
bdd-night,c8054f9c-3ff3c2b1.jpg,0,1.0,0.0
bdd-night,c80641a4-d91ca4a9.jpg,0,1.0,0.0
bdd-night,c811793c-68a3c310.jpg,0,1.0,0.0
bdd-night,c811793c-7a592fd4.jpg,0,1.0,0.0
bdd-night,c81ff2c0-420a8956.jpg,1,0.930195,2.589683
bdd-night,c823aede-898b2c0c.jpg,0,1.0,0.0
bdd-night,c82b6633-15bb4cf5.jpg,0,1.0,0.0
bdd-night,c8317cdd-1703e2a7.jpg,0,1.0,0.0
bdd-night,c834d656-f1688dc3.jpg,2,0.916084,1.870758
bdd-night,c84417f6-ca6fd5ac.jpg,0,1.0,0.0
bdd-night,c84f848e-a703d928.jpg,1,0.829486,1.581986
bdd-night,c85d1e8c-a96baacd.jpg,1,0.616387,0.47424
bdd-night,c8618b44-09196f5c.jpg,1,0.654386,0.638373
bdd-night,c8618b44-5b4f8afb.jpg,0,1.0,0.0
bdd-night,c86db817-d6bec56a.jpg,0,1.0,0.0
bdd-night,c8773c4a-092e1a3f.jpg,0,1.0,0.0
bdd-night,c87ef40a-d9c511a4.jpg,1,0.949468,2.933299
bdd-night,c8863aea-d79c8788.jpg,3,0.219515,-1.553107
bdd-night,c8a6707c-ce95509d.jpg,0,1.0,0.0
bdd-night,c8bdf9c7-f5773522.jpg,0,1.0,0.0
bdd-night,c8c97803-0a84ce2b.jpg,1,0.942142,2.790156
bdd-night,c8d7cfb3-347e6733.jpg,2,0.848777,1.087086
bdd-night,c8ddd93f-8e314f90.jpg,0,1.0,0.0
bdd-night,c8f39d22-69f436d4.jpg,1,0.695562,0.826254
bdd-night,c909f3df-d3ce29f1.jpg,5,0.257329,-1.62472
bdd-night,c9106ec8-1df793b7.jpg,0,1.0,0.0
bdd-night,c93bd9ce-d2617cc7.jpg,0,1.0,0.0
bdd-night,c9557697-64dfbc0f.jpg,0,1.0,0.0
bdd-night,c957b1a8-d327e7fb.jpg,0,1.0,0.0
bdd-night,c978b30e-b7e84613.jpg,0,1.0,0.0
bdd-night,c97b2568-576a4ba1.jpg,1,0.343539,-0.647562
bdd-night,c97c0d3c-70e91ccf.jpg,1,0.932988,2.633518
bdd-night,c97c0d3c-b656cd59.jpg,2,0.690064,0.667748
bdd-night,c97d6560-103e2fc4.jpg,0,1.0,0.0
bdd-night,c9957093-21cf5834.jpg,0,1.0,0.0
bdd-night,c9b0054d-bded8b46.jpg,6,0.125097,-2.363729
bdd-night,c9b0054d-c043599e.jpg,3,0.082773,-2.428793
bdd-night,c9c77676-1fa8e0d6.jpg,0,1.0,0.0
bdd-night,c9c9235f-3d954113.jpg,0,1.0,0.0
bdd-night,c9c9235f-8c053a4c.jpg,0,1.0,0.0
bdd-night,c9c9235f-cc8f42ba.jpg,1,0.094927,-2.254908
bdd-night,c9cf1065-0f19dbe2.jpg,1,0.938143,2.719076
bdd-night,c9eb9a86-523e6e0f.jpg,2,0.647907,-0.050591
bdd-night,c9f9c6ac-ba013d70.jpg,0,1.0,0.0
bdd-night,ca0eb18c-907cd101.jpg,0,1.0,0.0
bdd-night,ca0eb18c-b0e6fe6c.jpg,0,1.0,0.0
bdd-night,ca0f0248-0d55e8dd.jpg,1,0.811615,1.460536
bdd-night,ca1a41b3-38240d1e.jpg,0,1.0,0.0
bdd-night,ca284215-73cade97.jpg,1,0.678288,0.745915
bdd-night,ca319f4c-b34af0f1.jpg,0,1.0,0.0
bdd-night,ca4269e1-a3a6e21a.jpg,2,0.740504,0.874831
bdd-night,ca5e947c-c2f1d14b.jpg,1,0.440258,-0.240116
bdd-night,ca5f8e49-0df2e0a1.jpg,1,0.875867,1.953861
bdd-rain,b1d0091f-75824d0d.jpg,4,0.077239,-3.390869
bdd-rain,b1e1a7b8-0aec80e8.jpg,4,0.316288,-1.188827
bdd-rain,b1e1a7b8-a7426a97.jpg,5,0.126452,-1.979429
bdd-rain,b1e1a7b8-b397c445.jpg,3,0.217322,-2.177605
bdd-rain,b2064e61-2beadd45.jpg,2,0.311287,-1.179802
bdd-rain,b20eae11-149766ce.jpg,0,1.0,0.0
bdd-rain,b20eae11-18cd8ca2.jpg,0,1.0,0.0
bdd-rain,b2156f8e-72e1547c.jpg,0,1.0,0.0
bdd-rain,b23f7012-32d284ce.jpg,1,0.906315,2.269452
bdd-rain,b23f7012-fab06dac.jpg,0,1.0,0.0
bdd-rain,b24380ab-6dbeb908.jpg,0,1.0,0.0
bdd-rain,b255cd6c-bc3cbb18.jpg,10,0.086099,-3.398686
bdd-rain,b262f576-b0373824.jpg,2,0.115491,-2.1021
bdd-rain,b263f57d-1ccf6e51.jpg,0,1.0,0.0
bdd-rain,b266db29-29fa8335.jpg,1,0.571577,0.288287
bdd-rain,b266db29-4d22b355.jpg,4,0.157077,-2.329616
bdd-rain,b266db29-c518f15d.jpg,3,0.558805,-0.283033
bdd-rain,b266db29-da0abce7.jpg,5,0.180926,-2.31726
bdd-rain,b26aafd1-513824d4.jpg,8,0.139855,-2.704822
bdd-rain,b26cfcdc-10346684.jpg,14,0.10902,-3.262329
bdd-rain,b26cfcdc-2e290c42.jpg,6,0.080572,-3.497073
bdd-rain,b26cfcdc-eb092da8.jpg,2,0.339058,-0.770098
bdd-rain,b275c028-6a0665cb.jpg,0,1.0,0.0
bdd-rain,b27fdbad-ab895d86.jpg,0,1.0,0.0
bdd-rain,b27fdbad-ae939e31.jpg,2,0.15996,-1.78528
bdd-rain,b2828509-133b042d.jpg,0,1.0,0.0
bdd-rain,b29026f0-d5a5ee8c.jpg,2,0.191332,-1.580821
bdd-rain,b2939bf0-221e1dfb.jpg,1,0.609185,0.443889
bdd-rain,b29c2372-b53a797c.jpg,15,0.102253,-3.192608
bdd-rain,b2a9d547-f7f6fa92.jpg,2,0.903763,1.734875
bdd-rain,b2b2f563-ec318c61.jpg,13,0.107171,-2.873268
bdd-rain,b2bceb54-0b1f3332.jpg,1,0.133685,-1.868763
bdd-rain,b2bceb54-4d3cc92c.jpg,0,1.0,0.0
bdd-rain,b2d83b7b-9627ff87.jpg,0,1.0,0.0
bdd-rain,b2ea3465-78dea25f.jpg,0,1.0,0.0
bdd-rain,b334b56d-2ce33cd7.jpg,0,1.0,0.0
bdd-rain,b334b56d-b82e26b5.jpg,0,1.0,0.0
bdd-rain,b336bdb9-ed5d2cc3.jpg,1,0.311115,-0.79491
bdd-rain,b355880f-7cb7ed1e.jpg,3,0.097006,-2.279333
bdd-rain,b35c1016-4e29ef43.jpg,19,0.082067,-3.70017
bdd-rain,b35c1016-5a7c77ee.jpg,2,0.075559,-2.742905
bdd-rain,b376c5c2-07a93591.jpg,4,0.543434,-0.32091
bdd-rain,b38b2b6a-cb374ce8.jpg,1,0.094347,-2.261681
bdd-rain,b3a87019-ba714074.jpg,11,0.063653,-3.71339
bdd-rain,b3e18480-6c84e030.jpg,4,0.134672,-2.354791
bdd-rain,b3e51564-d2ac524c.jpg,11,0.105226,-3.773726
bdd-rain,b3e921ad-1fc43094.jpg,9,0.318631,-1.903997
bdd-rain,b3ef6557-e6709cd9.jpg,3,0.568379,-0.098249
bdd-rain,b4201bd2-75c1998d.jpg,0,1.0,0.0
bdd-rain,b4253085-3de357a1.jpg,2,0.138132,-1.844084
bdd-rain,b42913b9-49092dfe.jpg,1,0.27973,-0.945804
bdd-rain,b4475e22-27ceb162.jpg,5,0.569268,-0.657465
bdd-rain,b447a3cf-10656b18.jpg,0,1.0,0.0
bdd-rain,b44a7e5f-1db66cfe.jpg,2,0.895016,1.515584
bdd-rain,b44a7e5f-89b66e95.jpg,1,0.223684,-1.244327
bdd-rain,b4561bec-26a99096.jpg,3,0.490226,-0.18741
bdd-rain,b45f01c5-85bc12e8.jpg,8,0.151192,-2.318331
bdd-rain,b45f2c17-2cae6d9f.jpg,0,1.0,0.0
bdd-rain,b4620633-1c10abdb.jpg,1,0.931492,2.609829
bdd-rain,b4715825-7c265849.jpg,0,1.0,0.0
bdd-rain,b473c236-79848d60.jpg,0,1.0,0.0
bdd-rain,b48012c1-fbcf8e5c.jpg,6,0.094483,-2.983455
bdd-rain,b4860efe-c0a45030.jpg,6,0.148009,-2.206952
bdd-rain,b4b7133e-94c56651.jpg,13,0.118738,-3.302162
bdd-rain,b4b7133e-f6650d64.jpg,2,0.428199,-0.341076
bdd-rain,b4d18d1a-44ae201b.jpg,0,1.0,0.0
bdd-rain,b4d2dede-9b67d0bd.jpg,0,1.0,0.0
bdd-rain,b4e6cf20-6f6762ab.jpg,8,0.096289,-2.856511
bdd-rain,b4eac100-c2a05392.jpg,2,0.260677,-1.422679
bdd-rain,b4f4e648-58e39e89.jpg,2,0.539401,-0.008964
bdd-rain,b4f85748-11ae5a20.jpg,1,0.858473,1.802666
bdd-rain,b5172858-da5e71cc.jpg,0,1.0,0.0
bdd-rain,b5345bb2-a1424882.jpg,1,0.633567,0.547548
bdd-rain,b53cb17b-4df01599.jpg,1,0.906891,2.27625
bdd-rain,b555790d-111bb9b8.jpg,7,0.08972,-3.093738
bdd-rain,b559d3b0-dd72ed94.jpg,0,1.0,0.0
bdd-rain,b569f76a-33d451fe.jpg,0,1.0,0.0
bdd-rain,b56a0885-1c282ea8.jpg,1,0.37691,-0.502686
bdd-rain,b56a8196-9b3b361b.jpg,2,0.606458,0.348416
bdd-rain,b59413ff-c3bc3d25.jpg,3,0.371578,-0.698815
bdd-rain,b5a4db41-1b4f91b0.jpg,0,1.0,0.0
bdd-rain,b5afd0ea-222fae7e.jpg,2,0.854593,1.199852
bdd-rain,b5fe17dd-84fab99d.jpg,7,0.097992,-3.317429
bdd-rain,b60a623a-4df2b0c0.jpg,12,0.087385,-3.072672
bdd-rain,b6123103-45edd1d3.jpg,14,0.301059,-2.511416
bdd-rain,b61456bb-5bfb50ee.jpg,0,1.0,0.0
bdd-rain,b62e6504-1be1ddd7.jpg,14,0.073041,-3.034287
bdd-rain,b645e381-3d9a5456.jpg,0,1.0,0.0
bdd-rain,b64e7cbc-d7dba7f9.jpg,3,0.14368,-2.427278
bdd-rain,b651ca9e-a11f85d6.jpg,8,0.082064,-2.784319
bdd-rain,b666b95d-c38366c7.jpg,0,1.0,0.0
bdd-rain,b6741a2c-5a933eb6.jpg,1,0.893853,2.130714
bdd-rain,b674bc13-dceb1013.jpg,0,1.0,0.0
bdd-rain,b6b047b4-ca577730.jpg,6,0.043996,-3.547176
bdd-rain,b6ceb8b8-0aeb8a64.jpg,1,0.931791,2.614529
bdd-rain,b6d1c1f6-998f36f3.jpg,3,0.1298,-2.267729
bdd-rain,b6f4b139-744f76c0.jpg,7,0.129038,-2.536972
bdd-rain,b6f4b139-d7311df5.jpg,17,0.163866,-3.022804
bdd-rain,b6f95b33-d54400d9.jpg,2,0.506122,-0.047842
bdd-rain,b6ff1331-f6d3fba8.jpg,24,0.103017,-3.79363
bdd-rain,b7007510-f6b3b182.jpg,0,1.0,0.0
bdd-rain,b700e409-b6515113.jpg,1,0.158314,-1.670828
bdd-rain,b71bf87d-528e531c.jpg,2,0.073125,-2.967897
bdd-rain,b71bf87d-894c1a21.jpg,1,0.425297,-0.301067
bdd-rain,b735df0d-e7bf4c09.jpg,0,1.0,0.0
bdd-rain,b743b808-c7c4e44d.jpg,12,0.120328,-3.251358
bdd-rain,b761b4a6-ba62a4ae.jpg,1,0.907203,2.279954
bdd-rain,b769f2fa-adedab4b.jpg,1,0.15576,-1.690117
bdd-rain,b79d7247-1b5a4f2c.jpg,4,0.127563,-2.735347
bdd-rain,b7ba8fee-e6a5e940.jpg,0,1.0,0.0
bdd-rain,b7dbc526-68892204.jpg,2,0.512275,-0.075247
bdd-rain,b7def2fa-8283e208.jpg,7,0.10069,-3.16194
bdd-rain,b7e68039-9ea5f87c.jpg,15,0.107493,-3.622621
bdd-rain,b7fcda2b-2e4d36ef.jpg,16,0.082165,-3.88277
bdd-rain,b80fb9b6-b12f0c90.jpg,0,1.0,0.0
bdd-rain,b817df43-48a371e7.jpg,12,0.101015,-2.67889
bdd-rain,b825dfb7-442f3c75.jpg,3,0.16295,-1.832158
bdd-rain,b8322a8e-438f9ef0.jpg,0,1.0,0.0
bdd-rain,b836b14a-fb13c905.jpg,0,1.0,0.0
bdd-rain,b83a044e-2926e767.jpg,5,0.137305,-2.347584
bdd-rain,b84507e4-868d08d2.jpg,0,1.0,0.0
bdd-rain,b84a1117-3673ce8a.jpg,5,0.079079,-3.571218
bdd-rain,b84dbc8e-94bbc315.jpg,0,1.0,0.0
bdd-rain,b84f4f83-30ec3e22.jpg,0,1.0,0.0
bdd-rain,b851f39f-b965b196.jpg,2,0.267399,-1.033935
bdd-rain,b851f39f-d8f42807.jpg,0,1.0,0.0
bdd-rain,b857eb06-2a0d9098.jpg,1,0.134608,-1.860819
bdd-rain,b857eb06-3c8b7034.jpg,15,0.095907,-3.953907
bdd-rain,b857eb06-434af6c0.jpg,11,0.117822,-3.420154
bdd-rain,b85a3ec7-4296bad6.jpg,4,0.081632,-3.323253
bdd-rain,b86f9b95-e4651840.jpg,0,1.0,0.0
bdd-rain,b898a22f-d6bcd9d3.jpg,1,0.924027,2.49837
bdd-rain,b8afaffa-5ec67bbb.jpg,10,0.067767,-3.419288
bdd-rain,b8c0457f-3c7b553c.jpg,0,1.0,0.0
bdd-rain,b8c0457f-d7a1d2b7.jpg,4,0.619875,-0.065758
bdd-rain,b8c0457f-fa2eacb4.jpg,5,0.128735,-2.82059
bdd-rain,b8f2d63d-22dbb72d.jpg,5,0.148197,-2.486846
bdd-rain,b8f2d63d-6a944fa4.jpg,0,1.0,0.0
bdd-rain,b8f2d63d-9a3923f7.jpg,9,0.126664,-3.043716
bdd-rain,b90327ce-86c1d1f4.jpg,1,0.298476,-0.854564
bdd-rain,b90327ce-8bdda545.jpg,5,0.097638,-2.827094
bdd-rain,b907b620-74e79e9c.jpg,6,0.080059,-3.120115
bdd-rain,b9332578-307665bc.jpg,0,1.0,0.0
bdd-rain,b93942f9-65eda0a3.jpg,8,0.128671,-2.267045
bdd-rain,b94a9ed0-08112e6a.jpg,8,0.234649,-1.746277
bdd-rain,b94eb13b-6189d792.jpg,6,0.072466,-3.132113
bdd-rain,b953ef60-6c2cb9a1.jpg,1,0.719356,0.941267
bdd-rain,b967b2a7-2003bfd2.jpg,9,0.086242,-2.886732
bdd-rain,b99c17a7-bc6ee752.jpg,7,0.55953,-0.592965
bdd-rain,b9b53753-91a5d5f8.jpg,12,0.12904,-2.976733
bdd-rain,b9c9d815-3f9d9a8a.jpg,5,0.091894,-2.364295
bdd-rain,b9d34460-40ed613e.jpg,9,0.082026,-3.654396
bdd-rain,b9d34460-4ce3c7d9.jpg,1,0.105372,-2.138909
bdd-rain,b9d34460-96333c9b.jpg,2,0.350404,-0.857781
bdd-rain,b9d34460-d648a4c1.jpg,7,0.479798,-1.282752
bdd-rain,b9ecc316-529acd3c.jpg,9,0.070183,-3.469522
bdd-rain,b9f83545-6c082fdd.jpg,7,0.090518,-3.275124
bdd-rain,b9fc97df-9b839325.jpg,2,0.10149,-2.21394
bdd-rain,ba01e7b7-4c136c35.jpg,3,0.274289,-1.576259
bdd-rain,ba112f29-be7a8dfc.jpg,1,0.866883,1.87368
bdd-rain,ba1f5489-3f8e2762.jpg,12,0.168185,-2.708978
bdd-rain,ba479cb3-7d06a26f.jpg,1,0.410156,-0.36332
bdd-rain,baa0bfdb-0267b9d2.jpg,0,1.0,0.0
bdd-rain,bab97280-a3c6a37c.jpg,24,0.130457,-3.136556
bdd-rain,babc7a6c-b72195cc.jpg,0,1.0,0.0
bdd-rain,bac8434c-a3f0f643.jpg,0,1.0,0.0
bdd-rain,bae16c60-cf344206.jpg,8,0.08258,-3.271423
bdd-rain,baea519f-f4a57477.jpg,6,0.065716,-2.949581
bdd-rain,baef8908-b0802135.jpg,8,0.109189,-2.783015
bdd-rain,baf399e3-e2f279fa.jpg,0,1.0,0.0
bdd-rain,bafb04fb-119f164b.jpg,6,0.144121,-2.06041
bdd-rain,bafcc992-a5faf18d.jpg,0,1.0,0.0
bdd-rain,bafcc992-dcddfe75.jpg,1,0.675692,0.734045
bdd-rain,bafeadd4-9add2eaf.jpg,0,1.0,0.0
bdd-rain,bb0dced8-65a75aec.jpg,0,1.0,0.0
bdd-rain,bb0dced8-7c117b8e.jpg,1,0.667742,0.697992
bdd-rain,bb1b7e42-9608265e.jpg,4,0.254198,-1.24616
bdd-rain,bb2c5719-1244dd67.jpg,1,0.091305,-2.297803
bdd-rain,bb310e6e-bf25b98d.jpg,0,1.0,0.0
bdd-rain,bb5cc516-235bb167.jpg,2,0.631305,0.319402
bdd-rain,bb5cc516-c98d1fbe.jpg,4,0.087321,-3.126971
bdd-rain,bb6575eb-90478df6.jpg,0,1.0,0.0
bdd-rain,bb76958b-e0a8bc7a.jpg,0,1.0,0.0
bdd-rain,bb7696a2-4c117c92.jpg,5,0.586802,-0.531146
bdd-rain,bb799f71-b5357135.jpg,4,0.840256,0.703706
bdd-rain,bb8f6c9a-690cfda6.jpg,5,0.092112,-2.865744
bdd-rain,bb8f6c9a-9be5142a.jpg,6,0.250092,-1.924071
bdd-rain,bb99539a-4fd21cfa.jpg,2,0.634961,0.433648
bdd-rain,bba686c2-056961ec.jpg,3,0.151475,-2.147268
bdd-rain,bba6b17c-417567f2.jpg,4,0.093209,-2.492026
bdd-rain,bbc06e30-d687d6f0.jpg,0,1.0,0.0
bdd-rain,bbc9ec36-8e63f11e.jpg,3,0.085029,-3.126363
bdd-rain,bbe91656-17f3e492.jpg,0,1.0,0.0
bdd-rain,bbebc8cb-5ff7981f.jpg,1,0.809794,1.44867
bdd-rain,bbef1eae-960724af.jpg,0,1.0,0.0
bdd-rain,bbef1eae-ab6f884c.jpg,3,0.090266,-2.361108
bdd-rain,bbef1eae-c59b44b1.jpg,0,1.0,0.0
bdd-rain,bbfcd002-f8531a65.jpg,0,1.0,0.0
bdd-rain,bc0932fb-f2731c60.jpg,1,0.222821,-1.249302
bdd-rain,bc140c47-28089dad.jpg,9,0.196106,-2.772009
bdd-rain,bc19b631-363ccccc.jpg,2,0.109439,-2.114854
bdd-rain,bc223780-c88ddd93.jpg,0,1.0,0.0
bdd-rain,bc24e2f5-b39b7137.jpg,3,0.104956,-2.767329
bdd-rain,bc325ce3-9cd329ba.jpg,2,0.706882,0.739722
bdd-rain,bc46dc69-94e689ae.jpg,2,0.461761,-0.246988
bdd-rain,bc5fa92b-97ad7b5d.jpg,4,0.195314,-2.101144
bdd-rain,bc709acb-5b7fbd2f.jpg,0,1.0,0.0
bdd-rain,bc7e80ed-0011e5a7.jpg,1,0.613779,0.463224
bdd-rain,bc80e6a7-6cd79aeb.jpg,0,1.0,0.0
bdd-rain,bca10f4f-2deaf782.jpg,2,0.424843,-0.359675
bdd-rain,bca3720a-72374014.jpg,0,1.0,0.0
bdd-rain,bca3720a-79a8dc89.jpg,0,1.0,0.0
bdd-rain,bca3720a-b4a6a4e4.jpg,0,1.0,0.0
bdd-rain,bca3720a-d372b6ae.jpg,0,1.0,0.0
bdd-rain,bcaf73c1-e0c7165a.jpg,0,1.0,0.0
bdd-rain,bcb441fc-a88da923.jpg,0,1.0,0.0
bdd-rain,bcc5eb03-0660b926.jpg,0,1.0,0.0
bdd-rain,bcc84a33-2b38c69f.jpg,13,0.10523,-3.442735
bdd-rain,bcf8b229-8bcd6901.jpg,0,1.0,0.0
bdd-rain,bd0db9ed-cdca9422.jpg,12,0.293131,-2.019235
bdd-rain,bd16d59f-bd4eedcd.jpg,0,1.0,0.0
bdd-rain,bd1b8b79-49b0729c.jpg,0,1.0,0.0
bdd-rain,bd1b8b79-6a41406e.jpg,0,1.0,0.0
bdd-rain,bd1b8b79-829e787f.jpg,0,1.0,0.0
bdd-rain,bd1b8b79-b42eda04.jpg,0,1.0,0.0
bdd-rain,bd3bd3ab-79f6d287.jpg,3,0.811248,1.054835
bdd-rain,bd507fe5-c54d7cb2.jpg,1,0.509464,0.037861
bdd-rain,bd507fe5-eca39153.jpg,3,0.604773,-0.232987
bdd-rain,bd656105-db296383.jpg,0,1.0,0.0
bdd-rain,bd812175-d418c63b.jpg,11,0.087517,-3.669682
bdd-rain,bd8f4dfa-52cf9375.jpg,6,0.114547,-2.899601
bdd-rain,bd92c756-0eee51cd.jpg,0,1.0,0.0
bdd-rain,bd92c756-1eafae31.jpg,2,0.455395,-0.253692
bdd-rain,bd989210-0c8eacc1.jpg,0,1.0,0.0
bdd-rain,bd989210-5855f1e4.jpg,1,0.334159,-0.689434
bdd-rain,bdafde0d-03216895.jpg,0,1.0,0.0
bdd-rain,bdc7adfd-ac352f36.jpg,3,0.2978,-1.841053
bdd-rain,bdd6d823-659f71fd.jpg,2,0.344318,-0.685103
bdd-rain,bdf58c55-dee0b9f7.jpg,10,0.072434,-3.771217
bdd-rain,be045ad5-53b75245.jpg,3,0.16054,-1.684019
bdd-rain,be2e23f5-7fdb7597.jpg,0,1.0,0.0
bdd-rain,be2ec34b-bcdc0b2a.jpg,7,0.087367,-3.288824
bdd-rain,be39f3f1-2d48f83e.jpg,11,0.386853,-1.739735
bdd-rain,be3d3a81-326a032d.jpg,4,0.092987,-2.374218
bdd-rain,be5b8df4-c69d8fa1.jpg,3,0.333099,-1.20306
bdd-rain,be651ed5-5e0e949d.jpg,0,1.0,0.0
bdd-rain,be66a004-91dbe123.jpg,3,0.142037,-2.138009
bdd-rain,be689d93-672d54ff.jpg,0,1.0,0.0
bdd-rain,be777044-7db298a4.jpg,17,0.093437,-3.82646
bdd-rain,bebd9c47-9d51ac58.jpg,0,1.0,0.0
bdd-rain,becccb13-74e09a25.jpg,0,1.0,0.0
bdd-rain,becfc708-24488979.jpg,0,1.0,0.0
bdd-rain,bee6f1ed-d591156d.jpg,0,1.0,0.0
bdd-rain,beeed9e7-d279d8ee.jpg,2,0.174028,-2.249189
bdd-rain,bf1af4ce-dcf62242.jpg,0,1.0,0.0
bdd-rain,bf234dae-5e550365.jpg,0,1.0,0.0
bdd-rain,bf2e0bca-9689bbb7.jpg,1,0.902381,2.223969
bdd-rain,bf2fa820-e9e1f3a9.jpg,0,1.0,0.0
bdd-rain,bf2fac72-133aa7bd.jpg,7,0.077408,-2.828225
bdd-rain,bf4b0c94-a416bc37.jpg,0,1.0,0.0
bdd-rain,bf5b7ee3-c2fbdc46.jpg,4,0.083091,-3.02125
bdd-rain,bf721457-715b4856.jpg,5,0.686849,0.028568
bdd-rain,bf8220b9-086e9e29.jpg,0,1.0,0.0
bdd-rain,bf8ff5f5-877edaa0.jpg,1,0.564288,0.258584
bdd-rain,bf8ff5f5-916b50d0.jpg,4,0.301958,-1.478923
bdd-rain,bfbe2ad2-03a46467.jpg,1,0.244327,-1.129103
bdd-rain,bfd32194-f4ea20e9.jpg,1,0.947788,2.898828
bdd-rain,bfdd9ffd-3943106e.jpg,3,0.090376,-2.663058
bdd-rain,bfee82ef-f5aad313.jpg,2,0.248784,-1.151556
bdd-rain,bfef4a55-cb6a5afa.jpg,0,1.0,0.0
bdd-rain,bffbaf67-67882851.jpg,5,0.113218,-3.157801
bdd-rain,c011d5e2-d4732967.jpg,0,1.0,0.0
bdd-rain,c01c4d85-3381ebcd.jpg,0,1.0,0.0
bdd-rain,c01eddca-7c14637e.jpg,2,0.144436,-1.788328
bdd-rain,c0209255-980acc6a.jpg,0,1.0,0.0
bdd-rain,c0217f91-3ec314e4.jpg,1,0.09363,-2.270102
bdd-rain,c024c31c-9ec7869f.jpg,10,0.076333,-2.843356
bdd-rain,c025f721-84478bc5.jpg,1,0.771159,1.214868
bdd-rain,c038cdca-4df5e979.jpg,0,1.0,0.0
bdd-rain,c038f7df-82eb7666.jpg,7,0.107072,-2.262747
bdd-rain,c057f689-dde1e141.jpg,0,1.0,0.0
bdd-rain,c0697e71-84867efa.jpg,0,1.0,0.0
bdd-rain,c06aa107-6d6d0938.jpg,0,1.0,0.0
bdd-rain,c06defbe-d63aaecb.jpg,0,1.0,0.0
bdd-rain,c0771fb7-d03aa33e.jpg,2,0.142954,-1.859249
bdd-rain,c080d56f-53b1cfaf.jpg,8,0.149249,-2.606852
bdd-rain,c08ac802-a61149ad.jpg,0,1.0,0.0
bdd-rain,c0a7fac6-3b412647.jpg,13,0.226223,-2.457006
bdd-rain,c0b7212e-40f23e1e.jpg,5,0.095189,-2.752678
bdd-rain,c0b98a97-c7609d09.jpg,1,0.944008,2.824918
bdd-rain,c0c283d7-06fc47f0.jpg,0,1.0,0.0
bdd-rain,c0c821a8-361cc57e.jpg,4,0.092452,-3.091533
bdd-rain,c0d678b8-de457e55.jpg,3,0.157571,-1.703059
bdd-rain,c0de0a97-69386814.jpg,0,1.0,0.0
bdd-rain,c0e13807-ca0635f0.jpg,6,0.114963,-2.113453
bdd-rain,c0eb4a02-3b40262b.jpg,0,1.0,0.0
bdd-rain,c0f6ac18-37ce6bd5.jpg,1,0.644394,0.594487
bdd-rain,c11a0015-fc7c0b35.jpg,0,1.0,0.0
bdd-rain,c124e51c-31bb804d.jpg,9,0.169579,-2.467224
bdd-rain,c124e51c-52e077cb.jpg,4,0.096749,-2.675325
bdd-rain,c124e51c-b3b1db34.jpg,9,0.664049,-0.606907
bdd-rain,c13ab9cd-88c99ae5.jpg,1,0.922938,2.482949
bdd-rain,c146d100-64e024d1.jpg,6,0.176182,-2.281082
bdd-rain,c147e8f1-d78d168a.jpg,0,1.0,0.0
bdd-rain,c154b889-31f9ae3e.jpg,2,0.541641,0.051044
bdd-rain,c154b889-9f8ad734.jpg,3,0.087028,-2.44137
bdd-rain,c159a842-58ec61d9.jpg,0,1.0,0.0
bdd-rain,c15defff-3d0670f9.jpg,1,0.930256,2.590627
bdd-rain,c168558d-9a3f4c8c.jpg,6,0.080267,-3.433515
bdd-rain,c179d309-0e034578.jpg,5,0.136034,-2.795059
bdd-rain,c179d309-59d431e7.jpg,3,0.117183,-2.200233
bdd-rain,c179d309-8939ab37.jpg,0,1.0,0.0
bdd-rain,c179d309-b446fda3.jpg,13,0.100388,-3.633858
bdd-rain,c179d309-bbf612b9.jpg,6,0.217497,-2.094263
bdd-rain,c17fd4de-d4f40b90.jpg,0,1.0,0.0
bdd-rain,c189f62f-7cbbe028.jpg,0,1.0,0.0
bdd-rain,c1924b4e-09f3abc2.jpg,0,1.0,0.0
bdd-rain,c1924b4e-cec324a7.jpg,0,1.0,0.0
bdd-rain,c1a1e343-a2aed5dc.jpg,1,0.116969,-2.021454
bdd-rain,c1a5825c-16222044.jpg,0,1.0,0.0
bdd-rain,c1b16eee-4d40da01.jpg,0,1.0,0.0
bdd-rain,c1b16eee-7773662a.jpg,3,0.39036,-1.114924
bdd-rain,c1b16eee-d45c1777.jpg,1,0.707552,0.883524
bdd-rain,c1b8863d-5c238b87.jpg,14,0.097906,-3.355192
bdd-rain,c1b93aa0-3f3c05a3.jpg,0,1.0,0.0
bdd-rain,c1d2a1ff-3fe5e395.jpg,1,0.539337,0.157673
bdd-rain,c1d4e142-4fedae95.jpg,0,1.0,0.0
bdd-rain,c1dcd827-e36b0fd0.jpg,1,0.886408,2.054565
bdd-rain,c1e404d7-4a3eedc5.jpg,3,0.408935,-0.470399
bdd-rain,c1eec0f9-986b3a7c.jpg,1,0.927175,2.544081
bdd-rain,c1f9f357-ab0da339.jpg,7,0.091802,-2.987405
bdd-rain,c2021f20-5b9772ba.jpg,0,1.0,0.0
bdd-rain,c2021f20-6c78f954.jpg,0,1.0,0.0
bdd-rain,c2021f20-db3a51d7.jpg,1,0.315349,-0.775232
bdd-rain,c2054961-03b26a4f.jpg,4,0.312525,-1.007272
bdd-rain,c22feff4-14505161.jpg,11,0.537347,-1.361365
bdd-rain,c2437a91-3c23aba9.jpg,0,1.0,0.0
bdd-rain,c2461a5a-c6094472.jpg,3,0.614018,-0.02418
bdd-rain,c253f19a-40117192.jpg,0,1.0,0.0
bdd-rain,c262c510-15478ba1.jpg,3,0.219677,-1.378457
bdd-rain,c2680d40-90d19d17.jpg,3,0.127942,-2.380521
bdd-rain,c26abe13-497f3abf.jpg,9,0.077357,-3.619311
bdd-rain,c279d4e7-97fb3340.jpg,4,0.456525,-0.977599
bdd-rain,c27e5a2b-ecd48437.jpg,0,1.0,0.0
bdd-rain,c2d84b6d-36aacbc8.jpg,0,1.0,0.0
bdd-rain,c2d84b6d-5b9fc9f6.jpg,0,1.0,0.0
bdd-rain,c2e294a9-07a2a060.jpg,5,0.273827,-1.379404
bdd-rain,c2ecefdc-3722313c.jpg,13,0.137633,-3.132086
bdd-rain,c30f959a-bd87aa16.jpg,1,0.594038,0.380682
bdd-rain,c31a04de-d4cc31fb.jpg,0,1.0,0.0
bdd-rain,c31edac1-218458ed.jpg,12,0.133659,-3.046306
bdd-rain,c323201c-9bcf7cf8.jpg,11,0.095484,-3.538424
bdd-rain,c33251a6-16b72b39.jpg,1,0.917932,2.41458
bdd-rain,c33251a6-fa2a8810.jpg,0,1.0,0.0
bdd-rain,c338bae4-6f7b7153.jpg,4,0.318847,-0.913912
bdd-rain,c338bae4-b6f47a90.jpg,14,0.082126,-3.459255
bdd-rain,c346c42b-748697b5.jpg,0,1.0,0.0
bdd-rain,c36a8dac-908de757.jpg,8,0.067377,-3.648696
bdd-rain,c37360b7-35a6b33c.jpg,0,1.0,0.0
bdd-rain,c37360b7-70c0e672.jpg,4,0.109737,-2.866591
bdd-rain,c3783c84-e38a9213.jpg,10,0.096309,-3.529773
bdd-rain,c37cf84f-18aa50f6.jpg,2,0.113071,-2.068291
bdd-rain,c3968de8-21d6c364.jpg,0,1.0,0.0
bdd-rain,c3a5542d-132f75f3.jpg,0,1.0,0.0
bdd-rain,c3a94f80-27e0d36a.jpg,0,1.0,0.0
bdd-rain,c3b60e81-b28ef868.jpg,0,1.0,0.0
bdd-rain,c3c2eb65-bd875ecb.jpg,7,0.154239,-2.525463
bdd-rain,c3cd662f-228cba06.jpg,7,0.079551,-3.000927
bdd-rain,c4171655-424bc10e.jpg,2,0.110341,-2.695077
bdd-rain,c41c4557-ca6aea38.jpg,3,0.168419,-1.930011
bdd-rain,c4613fc7-919152c4.jpg,1,0.933897,2.648148
bdd-rain,c477c67b-6eb95776.jpg,2,0.164093,-1.886888
bdd-rain,c477c67b-89221134.jpg,0,1.0,0.0
bdd-rain,c4891df0-24371ae1.jpg,2,0.161892,-1.658855
bdd-rain,c4910419-e8cf2965.jpg,2,0.13579,-2.044973
bdd-rain,c49c1308-4ef95803.jpg,2,0.732351,0.835484
bdd-rain,c4b610ae-f75d91a9.jpg,0,1.0,0.0
bdd-rain,c4c5ba90-bb1f87c2.jpg,3,0.337227,-0.877353
bdd-rain,c4e96efa-73bd2e38.jpg,3,0.688641,0.389282
bdd-rain,c4e96efa-94aad2be.jpg,3,0.542537,-0.338725
bdd-rain,c4e96efa-ea5f524b.jpg,3,0.284075,-1.453507
bdd-rain,c51c4c12-3ccdcd61.jpg,16,0.204808,-2.687126
bdd-rain,c51c4c12-e9006511.jpg,1,0.942533,2.797357
bdd-rain,c51ec845-75af36d3.jpg,1,0.825521,1.554213
bdd-rain,c54c4e66-d4b3ef01.jpg,0,1.0,0.0
bdd-rain,c556b94f-70bb8f52.jpg,0,1.0,0.0
bdd-rain,c56ad92a-35537de6.jpg,0,1.0,0.0
bdd-rain,c56ad92a-40a9f774.jpg,5,0.095052,-3.358007
bdd-rain,c56ad92a-5ee26a21.jpg,8,0.09034,-3.019222
bdd-rain,c56ad92a-6a32ee17.jpg,7,0.085442,-3.532511
bdd-rain,c56ad92a-8744e902.jpg,0,1.0,0.0
bdd-rain,c56ad92a-ce17a387.jpg,6,0.156182,-1.949672
bdd-rain,c5718931-d5862304.jpg,5,0.197122,-2.393545
bdd-rain,c587df13-09f601eb.jpg,0,1.0,0.0
bdd-rain,c5882339-dff241de.jpg,0,1.0,0.0
bdd-rain,c5891130-4bfd998d.jpg,5,0.122898,-2.519318
bdd-rain,c59500f0-1e9d31c1.jpg,1,0.103154,-2.162661
bdd-rain,c59500f0-6304fda1.jpg,14,0.092195,-3.501726
bdd-rain,c59500f0-64edb242.jpg,2,0.112709,-2.435226
bdd-rain,c59500f0-f26be735.jpg,12,0.08901,-3.555087
bdd-rain,c595de6c-1fe5d3df.jpg,15,0.091553,-4.050223
bdd-rain,c5b166fd-3156e611.jpg,5,0.194127,-1.730649
bdd-rain,c5b2506d-d7479cbb.jpg,1,0.255557,-1.069189
bdd-rain,c5bd516c-decd0287.jpg,0,1.0,0.0
bdd-rain,c5bf095c-f18a6c47.jpg,5,0.118612,-2.896483
bdd-rain,c5c7c186-2f98e734.jpg,4,0.205716,-1.989291
bdd-rain,c5c910c6-c7aa96f1.jpg,7,0.760883,-0.048501
bdd-rain,c5d864fa-34365f4f.jpg,8,0.123504,-2.519064
bdd-rain,c5d864fa-3b452090.jpg,4,0.262816,-1.868694
bdd-rain,c5d864fa-46e3de37.jpg,11,0.102279,-3.712569
bdd-rain,c5d864fa-8e525d48.jpg,6,0.086987,-2.640684
bdd-rain,c5d864fa-a008f891.jpg,4,0.080299,-3.156846
bdd-rain,c5d864fa-dec84644.jpg,6,0.197566,-2.147789
bdd-rain,c5dee1e2-e17da4f5.jpg,8,0.082436,-3.766159
bdd-rain,c5fb6c66-c243092c.jpg,4,0.147167,-1.807576
bdd-rain,c61e36b0-4e14731e.jpg,0,1.0,0.0
bdd-rain,c630c103-34a53b18.jpg,0,1.0,0.0
bdd-rain,c6313a48-d945108a.jpg,5,0.108531,-2.784214
bdd-rain,c6367bde-a28b0ad2.jpg,9,0.193568,-2.276126
bdd-rain,c6387d9e-26028281.jpg,1,0.921833,2.467519
bdd-rain,c66c630d-50cda53e.jpg,9,0.088239,-3.239261
bdd-rain,c66c630d-66c67fe0.jpg,3,0.201181,-1.854955
bdd-rain,c66c630d-8cc5464a.jpg,2,0.117203,-2.030836
bdd-rain,c6785f37-95b28780.jpg,1,0.812874,1.468794
bdd-rain,c682e776-650bfd20.jpg,1,0.238315,-1.161941
bdd-rain,c68e50e0-1d6a90a8.jpg,8,0.086101,-2.551834
bdd-rain,c68e50e0-65803c55.jpg,9,0.165543,-2.596018
bdd-rain,c68e50e0-91685ec0.jpg,6,0.161001,-2.697351
bdd-rain,c6a5ec44-26ea8514.jpg,4,0.260754,-1.696467
bdd-rain,c6a94213-9e85fba1.jpg,10,0.120059,-3.030761
bdd-rain,c6cf9b39-8831232f.jpg,13,0.108812,-3.148542
bdd-rain,c6ebf831-45affcf4.jpg,0,1.0,0.0
bdd-rain,c6f9ec52-0bf3e2f7.jpg,1,0.30831,-0.80803
bdd-rain,c7053a50-d465ffa3.jpg,0,1.0,0.0
bdd-rain,c70a8ace-77774f58.jpg,0,1.0,0.0
bdd-rain,c717fdbd-9b7ef8e2.jpg,0,1.0,0.0
bdd-rain,c733594f-86a37630.jpg,0,1.0,0.0
bdd-rain,c7339013-995a01cf.jpg,2,0.149709,-1.750428
bdd-rain,c73c95f5-2fc1e83d.jpg,5,0.075219,-3.482088
bdd-rain,c7472294-1eb27561.jpg,0,1.0,0.0
bdd-rain,c748c1a1-04115595.jpg,0,1.0,0.0
bdd-rain,c748c1a1-2f810acf.jpg,9,0.109623,-3.854694
bdd-rain,c748c1a1-5fd778ff.jpg,0,1.0,0.0
bdd-rain,c748c1a1-f1338769.jpg,2,0.849009,1.22062
bdd-rain,c74fff46-e992d40c.jpg,2,0.51702,0.012514
bdd-rain,c7640ee1-0cbc6ec0.jpg,0,1.0,0.0
bdd-rain,c76d86ec-f11c0df0.jpg,1,0.869082,1.892862
bdd-rain,c7729bd7-e38ccf62.jpg,7,0.096228,-3.882313
bdd-rain,c77ed723-8715d065.jpg,0,1.0,0.0
bdd-rain,c7930146-1a9e5399.jpg,1,0.884512,2.035868
bdd-rain,c7bb31cc-8bd12af5.jpg,0,1.0,0.0
bdd-rain,c7bc6671-fc3f4552.jpg,7,0.100778,-2.980699
bdd-rain,c7bc7797-8f8c936a.jpg,2,0.876711,1.546308
bdd-rain,c7bc7797-e6749988.jpg,2,0.822553,1.255512
bdd-rain,c7d8925a-f469385d.jpg,1,0.640654,0.578204
bdd-rain,c7f24a49-8c5206a6.jpg,0,1.0,0.0
bdd-rain,c8079133-fcaad73c.jpg,3,0.320172,-1.635023
bdd-rain,c81ff2c0-420a8956.jpg,1,0.930195,2.589683
bdd-rain,c81ff2c0-7204c5fe.jpg,1,0.895908,2.152561
bdd-rain,c822956a-7e35a26e.jpg,17,0.107346,-3.256942
bdd-rain,c82e51e2-c87f5478.jpg,0,1.0,0.0
bdd-rain,c82f8a1c-8c0ee303.jpg,1,0.924821,2.50973
bdd-rain,c82f8a1c-dd1020b6.jpg,1,0.949494,2.933841
bdd-rain,c834d656-8f9f6538.jpg,1,0.921549,2.46358
bdd-rain,c834d656-f1688dc3.jpg,2,0.916084,1.870758
bdd-rain,c836f138-19c8ed41.jpg,2,0.248194,-1.254623
bdd-rain,c836f138-aa4d7408.jpg,1,0.806406,1.426822
bdd-rain,c836f138-d9b4f7a1.jpg,2,0.19898,-1.66689
bdd-rain,c874ddc1-d660401e.jpg,0,1.0,0.0
bdd-rain,c8759b14-8e37ed36.jpg,0,1.0,0.0
bdd-rain,c889c950-1bafea05.jpg,0,1.0,0.0
bdd-rain,c889c950-af58a038.jpg,0,1.0,0.0
bdd-rain,c8a5c2cd-c1d58c72.jpg,2,0.223405,-1.556305
bdd-rain,c8afab60-93f92fc5.jpg,1,0.918138,2.41731
bdd-rain,c8bd76fd-68d847b3.jpg,0,1.0,0.0
bdd-rain,c8c0c00c-5a90317a.jpg,8,0.110891,-2.669755
bdd-rain,c8c6e143-981c8f06.jpg,2,0.122707,-1.974745
bdd-rain,c8e01103-9ff8595d.jpg,0,1.0,0.0
bdd-rain,c8e79c93-00e1d82a.jpg,1,0.949361,2.931066
bdd-rain,c8e8cd4a-3d1efe93.jpg,2,0.080351,-2.453536
bdd-rain,c8e8cd4a-9dd5daeb.jpg,9,0.079524,-3.348424
bdd-rain,c90bf06d-eda5f238.jpg,1,0.310104,-0.799635
bdd-rain,c938658b-c232988e.jpg,5,0.117059,-2.583833
bdd-rain,c93bd9ce-ea579ed8.jpg,1,0.715564,0.922562
bdd-rain,c94adc37-76e1ff0b.jpg,0,1.0,0.0
bdd-rain,c96299f2-8e89da2c.jpg,1,0.728837,0.988731
bdd-rain,c9736046-5b96af10.jpg,1,0.093472,-2.271956
bdd-rain,c9bbc56e-b9f39d14.jpg,6,0.124186,-2.854526
bdd-rain,c9bdd74a-9dc0ad2e.jpg,10,0.127938,-2.732025
bdd-rain,c9ee0f8e-286c0acb.jpg,12,0.079145,-3.776624
bdd-rain,c9ef0aa9-41d939af.jpg,7,0.087989,-2.518375
bdd-rain,ca098890-6ef745ed.jpg,3,0.088703,-2.341852
bdd-rain,ca17cd93-f9c06b09.jpg,1,0.328305,-0.71586
bdd-rain,ca28f275-03f8cef5.jpg,0,1.0,0.0
bdd-rain,ca2d1df6-54538d1a.jpg,0,1.0,0.0
bdd-rain,ca309fd3-c485c1eb.jpg,14,0.112562,-3.570642
bdd-rain,ca4071a6-6fa1a1c8.jpg,7,0.174937,-2.604481
bdd-rain,ca4269e1-914f1061.jpg,0,1.0,0.0
bdd-rain,ca4269e1-a3a6e21a.jpg,2,0.740504,0.874831
bdd-rain,ca68e8b3-3ecd270a.jpg,1,0.369562,-0.534098
bdd-fog,b27d5dcb-9230790c.jpg,6,0.239787,-1.804586
bdd-fog,b4863201-63b08472.jpg,6,0.093011,-3.384543
bdd-fog,b5dec5e7-065a0bb3.jpg,0,1.0,0.0
bdd-fog,b7dbe50a-3738a448.jpg,0,1.0,0.0
bdd-fog,b7dc9921-fcfe3332.jpg,0,1.0,0.0
bdd-fog,b9d34460-68942f09.jpg,4,0.157457,-2.228894
bdd-fog,bb49071c-4b99a704.jpg,1,0.72414,0.965089
bdd-fog,bbb46ace-1e415c05.jpg,6,0.091021,-3.521266
bdd-fog,c1f279ae-67dfd217.jpg,1,0.942946,2.805016
bdd-fog,c6a5ec44-7b0e5542.jpg,0,1.0,0.0
bdd-fog,c78f9fc6-efac7090.jpg,0,1.0,0.0
bdd-fog,c7f97365-5be70930.jpg,0,1.0,0.0
bdd-fog,c877ac5b-56eb96fb.jpg,1,0.888271,2.073203
