frame_id,image_path,timestamp,backend,n_detections,max_confidence,monitor_score,q95_threshold,q99_threshold,state_before,state_after,transition_reason,latency_ms
1,D:\Pruthu\cv projects\research\Safety-Monitored Edge Perception for ADAS\data\processed\kitti_yolo\images\val\000009.png,2026-07-17T11:57:31.868997+00:00,tensorrt_fp16,5,0.900391,0.099609,0.186212,0.3727595999999983,NOMINAL,NOMINAL,no_change,14.72
2,D:\Pruthu\cv projects\research\Safety-Monitored Edge Perception for ADAS\data\processed\kitti_yolo\images\val\000012.png,2026-07-17T11:57:31.883997+00:00,tensorrt_fp16,3,0.831055,0.168945,0.186212,0.3727595999999983,NOMINAL,NOMINAL,no_change,14.11
3,D:\Pruthu\cv projects\research\Safety-Monitored Edge Perception for ADAS\data\processed\kitti_yolo\images\val\000021.png,2026-07-17T11:57:31.898002+00:00,tensorrt_fp16,13,0.916016,0.083984,0.186212,0.3727595999999983,NOMINAL,NOMINAL,no_change,14.2
4,D:\Pruthu\cv projects\research\Safety-Monitored Edge Perception for ADAS\data\processed\kitti_yolo\images\val\000023.png,2026-07-17T11:57:31.912512+00:00,tensorrt_fp16,5,0.878418,0.121582,0.186212,0.3727595999999983,NOMINAL,NOMINAL,no_change,13.91
5,D:\Pruthu\cv projects\research\Safety-Monitored Edge Perception for ADAS\data\processed\kitti_yolo\images\val\000063.png,2026-07-17T11:57:31.929513+00:00,tensorrt_fp16,11,0.925293,0.074707,0.186212,0.3727595999999983,NOMINAL,NOMINAL,no_change,16.79
6,D:\Pruthu\cv projects\research\Safety-Monitored Edge Perception for ADAS\data\processed\kitti_yolo\images\val\000066.png,2026-07-17T11:57:31.943512+00:00,tensorrt_fp16,6,0.834473,0.165527,0.186212,0.3727595999999983,NOMINAL,NOMINAL,no_change,14.16
7,D:\Pruthu\cv projects\research\Safety-Monitored Edge Perception for ADAS\data\processed\kitti_yolo\images\val\000112.png,2026-07-17T11:57:31.958513+00:00,tensorrt_fp16,13,0.928223,0.071777,0.186212,0.3727595999999983,NOMINAL,NOMINAL,no_change,15.02
8,D:\Pruthu\cv projects\research\Safety-Monitored Edge Perception for ADAS\data\processed\kitti_yolo\images\val\000121.png,2026-07-17T11:57:31.973512+00:00,tensorrt_fp16,7,0.875,0.125,0.186212,0.3727595999999983,NOMINAL,NOMINAL,no_change,14.06
9,D:\Pruthu\cv projects\research\Safety-Monitored Edge Perception for ADAS\data\processed\kitti_yolo\images\val\000129.png,2026-07-17T11:57:31.988512+00:00,tensorrt_fp16,8,0.922363,0.077637,0.186212,0.3727595999999983,NOMINAL,NOMINAL,no_change,14.75
10,D:\Pruthu\cv projects\research\Safety-Monitored Edge Perception for ADAS\data\processed\kitti_yolo\images\val\000134.png,2026-07-17T11:57:32.002515+00:00,tensorrt_fp16,35,0.92041,0.07959,0.186212,0.3727595999999983,NOMINAL,NOMINAL,no_change,14.33
11,D:\Pruthu\cv projects\research\Safety-Monitored Edge Perception for ADAS\data\processed\kitti_yolo\images\val\000169.png,2026-07-17T11:57:32.019022+00:00,tensorrt_fp16,21,0.935547,0.064453,0.186212,0.3727595999999983,NOMINAL,NOMINAL,no_change,16.13
12,D:\Pruthu\cv projects\research\Safety-Monitored Edge Perception for ADAS\data\processed\kitti_yolo\images\val\000174.png,2026-07-17T11:57:32.033022+00:00,tensorrt_fp16,11,0.865234,0.134766,0.186212,0.3727595999999983,NOMINAL,NOMINAL,no_change,14.25
13,D:\Pruthu\cv projects\research\Safety-Monitored Edge Perception for ADAS\data\processed\kitti_yolo\images\val\000211.png,2026-07-17T11:57:32.048022+00:00,tensorrt_fp16,14,0.948242,0.051758,0.186212,0.3727595999999983,NOMINAL,NOMINAL,no_change,14.45
14,D:\Pruthu\cv projects\research\Safety-Monitored Edge Perception for ADAS\data\processed\kitti_yolo\images\val\000215.png,2026-07-17T11:57:32.063022+00:00,tensorrt_fp16,4,0.922363,0.077637,0.186212,0.3727595999999983,NOMINAL,NOMINAL,no_change,14.84
15,D:\Pruthu\cv projects\research\Safety-Monitored Edge Perception for ADAS\data\processed\kitti_yolo\images\val\000236.png,2026-07-17T11:57:32.077398+00:00,tensorrt_fp16,19,0.927734,0.072266,0.186212,0.3727595999999983,NOMINAL,NOMINAL,no_change,14.5
16,D:\Pruthu\cv projects\research\Safety-Monitored Edge Perception for ADAS\data\processed\kitti_yolo\images\val\000268.png,2026-07-17T11:57:32.092398+00:00,tensorrt_fp16,4,0.944824,0.055176,0.186212,0.3727595999999983,NOMINAL,NOMINAL,no_change,14.48
17,D:\Pruthu\cv projects\research\Safety-Monitored Edge Perception for ADAS\data\processed\kitti_yolo\images\val\000302.png,2026-07-17T11:57:32.106404+00:00,tensorrt_fp16,4,0.90332,0.09668,0.186212,0.3727595999999983,NOMINAL,NOMINAL,no_change,13.61
18,D:\Pruthu\cv projects\research\Safety-Monitored Edge Perception for ADAS\data\processed\kitti_yolo\images\val\000308.png,2026-07-17T11:57:32.119916+00:00,tensorrt_fp16,16,0.856934,0.143066,0.186212,0.3727595999999983,NOMINAL,NOMINAL,no_change,14.1
19,D:\Pruthu\cv projects\research\Safety-Monitored Edge Perception for ADAS\data\processed\kitti_yolo\images\val\000309.png,2026-07-17T11:57:32.134915+00:00,tensorrt_fp16,6,0.916016,0.083984,0.186212,0.3727595999999983,NOMINAL,NOMINAL,no_change,14.4
20,D:\Pruthu\cv projects\research\Safety-Monitored Edge Perception for ADAS\data\processed\kitti_yolo\images\val\000322.png,2026-07-17T11:57:32.151915+00:00,tensorrt_fp16,2,0.9375,0.0625,0.186212,0.3727595999999983,NOMINAL,NOMINAL,no_change,16.56
21,D:\Pruthu\cv projects\research\Safety-Monitored Edge Perception for ADAS\data\processed\kitti_yolo\images\val\000357.png,2026-07-17T11:57:32.168915+00:00,tensorrt_fp16,12,0.944824,0.055176,0.186212,0.3727595999999983,NOMINAL,NOMINAL,no_change,16.79
22,D:\Pruthu\cv projects\research\Safety-Monitored Edge Perception for ADAS\data\processed\kitti_yolo\images\val\000407.png,2026-07-17T11:57:32.185915+00:00,tensorrt_fp16,1,0.834473,0.165527,0.186212,0.3727595999999983,NOMINAL,NOMINAL,no_change,17.16
23,D:\Pruthu\cv projects\research\Safety-Monitored Edge Perception for ADAS\data\processed\kitti_yolo\images\val\000421.png,2026-07-17T11:57:32.200920+00:00,tensorrt_fp16,7,0.959473,0.040527,0.186212,0.3727595999999983,NOMINAL,NOMINAL,no_change,14.78
24,D:\Pruthu\cv projects\research\Safety-Monitored Edge Perception for ADAS\data\processed\kitti_yolo\images\val\000427.png,2026-07-17T11:57:32.215435+00:00,tensorrt_fp16,15,0.950195,0.049805,0.186212,0.3727595999999983,NOMINAL,NOMINAL,no_change,13.99
25,D:\Pruthu\cv projects\research\Safety-Monitored Edge Perception for ADAS\data\processed\kitti_yolo\images\val\000428.png,2026-07-17T11:57:32.229435+00:00,tensorrt_fp16,11,0.889648,0.110352,0.186212,0.3727595999999983,NOMINAL,NOMINAL,no_change,14.13
26,D:\Pruthu\cv projects\research\Safety-Monitored Edge Perception for ADAS\data\processed\kitti_yolo\images\val\000436.png,2026-07-17T11:57:32.247433+00:00,tensorrt_fp16,22,0.930664,0.069336,0.186212,0.3727595999999983,NOMINAL,NOMINAL,no_change,17.38
27,D:\Pruthu\cv projects\research\Safety-Monitored Edge Perception for ADAS\data\processed\kitti_yolo\images\val\000444.png,2026-07-17T11:57:32.264433+00:00,tensorrt_fp16,1,0.871582,0.128418,0.186212,0.3727595999999983,NOMINAL,NOMINAL,no_change,17.28
28,D:\Pruthu\cv projects\research\Safety-Monitored Edge Perception for ADAS\data\processed\kitti_yolo\images\val\000448.png,2026-07-17T11:57:32.281587+00:00,tensorrt_fp16,16,0.84082,0.15918,0.186212,0.3727595999999983,NOMINAL,NOMINAL,no_change,16.68
29,D:\Pruthu\cv projects\research\Safety-Monitored Edge Perception for ADAS\data\processed\kitti_yolo\images\val\000459.png,2026-07-17T11:57:32.299592+00:00,tensorrt_fp16,3,0.933105,0.066895,0.186212,0.3727595999999983,NOMINAL,NOMINAL,no_change,17.74
30,D:\Pruthu\cv projects\research\Safety-Monitored Edge Perception for ADAS\data\processed\kitti_yolo\images\val\000460.png,2026-07-17T11:57:32.317104+00:00,tensorrt_fp16,12,0.915039,0.084961,0.186212,0.3727595999999983,NOMINAL,NOMINAL,no_change,17.15
31,D:\Pruthu\cv projects\research\Safety-Monitored Edge Perception for ADAS\data\processed\kitti_yolo\images\val\000491.png,2026-07-17T11:57:32.335102+00:00,tensorrt_fp16,6,0.908691,0.091309,0.186212,0.3727595999999983,NOMINAL,NOMINAL,no_change,17.4
32,D:\Pruthu\cv projects\research\Safety-Monitored Edge Perception for ADAS\data\processed\kitti_yolo\images\val\000514.png,2026-07-17T11:57:32.352103+00:00,tensorrt_fp16,6,0.529297,0.470703,0.186212,0.3727595999999983,NOMINAL,NOMINAL,no_change,16.72
33,D:\Pruthu\cv projects\research\Safety-Monitored Edge Perception for ADAS\data\processed\kitti_yolo\images\val\000516.png,2026-07-17T11:57:32.368104+00:00,tensorrt_fp16,5,0.888672,0.111328,0.186212,0.3727595999999983,NOMINAL,NOMINAL,no_change,16.45
34,D:\Pruthu\cv projects\research\Safety-Monitored Edge Perception for ADAS\data\processed\kitti_yolo\images\val\000517.png,2026-07-17T11:57:32.385101+00:00,tensorrt_fp16,4,0.897461,0.102539,0.186212,0.3727595999999983,NOMINAL,NOMINAL,no_change,16.84
35,D:\Pruthu\cv projects\research\Safety-Monitored Edge Perception for ADAS\data\processed\kitti_yolo\images\val\000538.png,2026-07-17T11:57:32.402107+00:00,tensorrt_fp16,2,0.415771,0.584229,0.186212,0.3727595999999983,NOMINAL,NOMINAL,no_change,16.71
36,D:\Pruthu\cv projects\research\Safety-Monitored Edge Perception for ADAS\data\processed\kitti_yolo\images\val\000549.png,2026-07-17T11:57:32.418618+00:00,tensorrt_fp16,15,0.925781,0.074219,0.186212,0.3727595999999983,NOMINAL,NOMINAL,no_change,15.31
37,D:\Pruthu\cv projects\research\Safety-Monitored Edge Perception for ADAS\data\processed\kitti_yolo\images\val\000553.png,2026-07-17T11:57:32.435618+00:00,tensorrt_fp16,33,0.937988,0.062012,0.186212,0.3727595999999983,NOMINAL,NOMINAL,no_change,17.74
38,D:\Pruthu\cv projects\research\Safety-Monitored Edge Perception for ADAS\data\processed\kitti_yolo\images\val\000559.png,2026-07-17T11:57:32.452617+00:00,tensorrt_fp16,30,0.89502,0.10498,0.186212,0.3727595999999983,NOMINAL,NOMINAL,no_change,16.61
39,D:\Pruthu\cv projects\research\Safety-Monitored Edge Perception for ADAS\data\processed\kitti_yolo\images\val\000571.png,2026-07-17T11:57:32.468617+00:00,tensorrt_fp16,30,0.870605,0.129395,0.186212,0.3727595999999983,NOMINAL,NOMINAL,no_change,15.8
40,D:\Pruthu\cv projects\research\Safety-Monitored Edge Perception for ADAS\data\processed\kitti_yolo\images\val\000590.png,2026-07-17T11:57:32.483618+00:00,tensorrt_fp16,23,0.908203,0.091797,0.186212,0.3727595999999983,NOMINAL,NOMINAL,no_change,14.57
41,D:\Pruthu\cv projects\research\Safety-Monitored Edge Perception for ADAS\data\processed\kitti_yolo\images\val\000602.png,2026-07-17T11:57:32.501516+00:00,tensorrt_fp16,4,0.85498,0.14502,0.186212,0.3727595999999983,NOMINAL,NOMINAL,no_change,17.61
42,D:\Pruthu\cv projects\research\Safety-Monitored Edge Perception for ADAS\data\processed\kitti_yolo\images\val\000612.png,2026-07-17T11:57:32.517023+00:00,tensorrt_fp16,25,0.932617,0.067383,0.186212,0.3727595999999983,NOMINAL,NOMINAL,no_change,15.06
43,D:\Pruthu\cv projects\research\Safety-Monitored Edge Perception for ADAS\data\processed\kitti_yolo\images\val\000614.png,2026-07-17T11:57:32.531023+00:00,tensorrt_fp16,17,0.928223,0.071777,0.186212,0.3727595999999983,NOMINAL,NOMINAL,no_change,14.5
44,D:\Pruthu\cv projects\research\Safety-Monitored Edge Perception for ADAS\data\processed\kitti_yolo\images\val\000625.png,2026-07-17T11:57:32.545023+00:00,tensorrt_fp16,25,0.822266,0.177734,0.186212,0.3727595999999983,NOMINAL,NOMINAL,no_change,13.99
45,D:\Pruthu\cv projects\research\Safety-Monitored Edge Perception for ADAS\data\processed\kitti_yolo\images\val\000646.png,2026-07-17T11:57:32.560023+00:00,tensorrt_fp16,1,0.835449,0.164551,0.186212,0.3727595999999983,NOMINAL,NOMINAL,no_change,14.09
46,D:\Pruthu\cv projects\research\Safety-Monitored Edge Perception for ADAS\data\processed\kitti_yolo\images\val\000649.png,2026-07-17T11:57:32.574023+00:00,tensorrt_fp16,8,0.920898,0.079102,0.186212,0.3727595999999983,NOMINAL,NOMINAL,no_change,14.23
47,D:\Pruthu\cv projects\research\Safety-Monitored Edge Perception for ADAS\data\processed\kitti_yolo\images\val\000657.png,2026-07-17T11:57:32.588023+00:00,tensorrt_fp16,2,0.874023,0.125977,0.186212,0.3727595999999983,NOMINAL,NOMINAL,no_change,14.03
48,D:\Pruthu\cv projects\research\Safety-Monitored Edge Perception for ADAS\data\processed\kitti_yolo\images\val\000658.png,2026-07-17T11:57:32.605025+00:00,tensorrt_fp16,3,0.881836,0.118164,0.186212,0.3727595999999983,NOMINAL,NOMINAL,no_change,16.69
49,D:\Pruthu\cv projects\research\Safety-Monitored Edge Perception for ADAS\data\processed\kitti_yolo\images\val\000667.png,2026-07-17T11:57:32.622536+00:00,tensorrt_fp16,7,0.945312,0.054688,0.186212,0.3727595999999983,NOMINAL,NOMINAL,no_change,16.89
50,D:\Pruthu\cv projects\research\Safety-Monitored Edge Perception for ADAS\data\processed\kitti_yolo\images\val\000668.png,2026-07-17T11:57:32.638535+00:00,tensorrt_fp16,8,0.926758,0.073242,0.186212,0.3727595999999983,NOMINAL,NOMINAL,no_change,16.07
51,D:\Pruthu\cv projects\research\Safety-Monitored Edge Perception for ADAS\data\processed\kitti_yolo\images\val\000695.png,2026-07-17T11:57:32.655535+00:00,tensorrt_fp16,1,0.86084,0.13916,0.186212,0.3727595999999983,NOMINAL,NOMINAL,no_change,16.99
52,D:\Pruthu\cv projects\research\Safety-Monitored Edge Perception for ADAS\data\processed\kitti_yolo\images\val\000738.png,2026-07-17T11:57:32.673536+00:00,tensorrt_fp16,1,0.855957,0.144043,0.186212,0.3727595999999983,NOMINAL,NOMINAL,no_change,17.19
53,D:\Pruthu\cv projects\research\Safety-Monitored Edge Perception for ADAS\data\processed\kitti_yolo\images\val\000739.png,2026-07-17T11:57:32.689536+00:00,tensorrt_fp16,4,0.901367,0.098633,0.186212,0.3727595999999983,NOMINAL,NOMINAL,no_change,16.29
54,D:\Pruthu\cv projects\research\Safety-Monitored Edge Perception for ADAS\data\processed\kitti_yolo\images\val\000747.png,2026-07-17T11:57:32.706540+00:00,tensorrt_fp16,9,0.842773,0.157227,0.186212,0.3727595999999983,NOMINAL,NOMINAL,no_change,16.48
55,D:\Pruthu\cv projects\research\Safety-Monitored Edge Perception for ADAS\data\processed\kitti_yolo\images\val\000748.png,2026-07-17T11:57:32.723049+00:00,tensorrt_fp16,4,0.906738,0.093262,0.186212,0.3727595999999983,NOMINAL,NOMINAL,no_change,16.4
56,D:\Pruthu\cv projects\research\Safety-Monitored Edge Perception for ADAS\data\processed\kitti_yolo\images\val\000750.png,2026-07-17T11:57:32.736050+00:00,tensorrt_fp16,8,0.913574,0.086426,0.186212,0.3727595999999983,NOMINAL,NOMINAL,no_change,13.08
57,D:\Pruthu\cv projects\research\Safety-Monitored Edge Perception for ADAS\data\processed\kitti_yolo\images\val\000751.png,2026-07-17T11:57:32.751050+00:00,tensorrt_fp16,10,0.937012,0.062988,0.186212,0.3727595999999983,NOMINAL,NOMINAL,no_change,14.87
58,D:\Pruthu\cv projects\research\Safety-Monitored Edge Perception for ADAS\data\processed\kitti_yolo\images\val\000778.png,2026-07-17T11:57:32.766050+00:00,tensorrt_fp16,8,0.939453,0.060547,0.186212,0.3727595999999983,NOMINAL,NOMINAL,no_change,14.18
59,D:\Pruthu\cv projects\research\Safety-Monitored Edge Perception for ADAS\data\processed\kitti_yolo\images\val\000796.png,2026-07-17T11:57:32.780050+00:00,tensorrt_fp16,15,0.92627,0.07373,0.186212,0.3727595999999983,NOMINAL,NOMINAL,no_change,14.49
60,D:\Pruthu\cv projects\research\Safety-Monitored Edge Perception for ADAS\data\processed\kitti_yolo\images\val\000811.png,2026-07-17T11:57:32.795056+00:00,tensorrt_fp16,8,0.708984,0.291016,0.186212,0.3727595999999983,NOMINAL,NOMINAL,no_change,14.0
61,D:\Pruthu\cv projects\research\Safety-Monitored Edge Perception for ADAS\data\processed\kitti_yolo\images\val\000822.png,2026-07-17T11:57:32.810100+00:00,tensorrt_fp16,4,0.896484,0.103516,0.186212,0.3727595999999983,NOMINAL,NOMINAL,no_change,14.88
62,D:\Pruthu\cv projects\research\Safety-Monitored Edge Perception for ADAS\data\processed\kitti_yolo\images\val\000828.png,2026-07-17T11:57:32.823100+00:00,tensorrt_fp16,1,0.880859,0.119141,0.186212,0.3727595999999983,NOMINAL,NOMINAL,no_change,13.51
63,D:\Pruthu\cv projects\research\Safety-Monitored Edge Perception for ADAS\data\processed\kitti_yolo\images\val\000867.png,2026-07-17T11:57:32.838100+00:00,tensorrt_fp16,22,0.928223,0.071777,0.186212,0.3727595999999983,NOMINAL,NOMINAL,no_change,14.95
64,D:\Pruthu\cv projects\research\Safety-Monitored Edge Perception for ADAS\data\processed\kitti_yolo\images\val\000884.png,2026-07-17T11:57:32.856106+00:00,tensorrt_fp16,6,0.933105,0.066895,0.186212,0.3727595999999983,NOMINAL,NOMINAL,no_change,17.45
65,D:\Pruthu\cv projects\research\Safety-Monitored Edge Perception for ADAS\data\processed\kitti_yolo\images\val\000887.png,2026-07-17T11:57:32.874105+00:00,tensorrt_fp16,10,0.912598,0.087402,0.186212,0.3727595999999983,NOMINAL,NOMINAL,no_change,17.2
66,D:\Pruthu\cv projects\research\Safety-Monitored Edge Perception for ADAS\data\processed\kitti_yolo\images\val\000893.png,2026-07-17T11:57:32.890444+00:00,tensorrt_fp16,3,0.905762,0.094238,0.186212,0.3727595999999983,NOMINAL,NOMINAL,no_change,16.45
67,D:\Pruthu\cv projects\research\Safety-Monitored Edge Perception for ADAS\data\processed\kitti_yolo\images\val\000908.png,2026-07-17T11:57:32.907448+00:00,tensorrt_fp16,3,0.763672,0.236328,0.186212,0.3727595999999983,NOMINAL,NOMINAL,no_change,17.03
68,D:\Pruthu\cv projects\research\Safety-Monitored Edge Perception for ADAS\data\processed\kitti_yolo\images\val\000910.png,2026-07-17T11:57:32.923961+00:00,tensorrt_fp16,17,0.936035,0.063965,0.186212,0.3727595999999983,NOMINAL,NOMINAL,no_change,16.09
69,D:\Pruthu\cv projects\research\Safety-Monitored Edge Perception for ADAS\data\processed\kitti_yolo\images\val\000929.png,2026-07-17T11:57:32.933962+00:00,tensorrt_fp16,3,0.908203,0.091797,0.186212,0.3727595999999983,NOMINAL,NOMINAL,no_change,14.1
70,D:\Pruthu\cv projects\research\Safety-Monitored Edge Perception for ADAS\data\processed\kitti_yolo\images\val\000932.png,2026-07-17T11:57:32.953708+00:00,tensorrt_fp16,4,0.852051,0.147949,0.186212,0.3727595999999983,NOMINAL,NOMINAL,no_change,14.47
71,D:\Pruthu\cv projects\research\Safety-Monitored Edge Perception for ADAS\data\processed\kitti_yolo\images\val\000951.png,2026-07-17T11:57:32.968709+00:00,tensorrt_fp16,14,0.939453,0.060547,0.186212,0.3727595999999983,NOMINAL,NOMINAL,no_change,14.76
72,D:\Pruthu\cv projects\research\Safety-Monitored Edge Perception for ADAS\data\processed\kitti_yolo\images\val\000955.png,2026-07-17T11:57:32.983710+00:00,tensorrt_fp16,14,0.91748,0.08252,0.186212,0.3727595999999983,NOMINAL,NOMINAL,no_change,15.09
73,D:\Pruthu\cv projects\research\Safety-Monitored Edge Perception for ADAS\data\processed\kitti_yolo\images\val\001000.png,2026-07-17T11:57:32.998723+00:00,tensorrt_fp16,4,0.911621,0.088379,0.186212,0.3727595999999983,NOMINAL,NOMINAL,no_change,14.85
74,D:\Pruthu\cv projects\research\Safety-Monitored Edge Perception for ADAS\data\processed\kitti_yolo\images\val\001031.png,2026-07-17T11:57:33.017231+00:00,tensorrt_fp16,1,0.830078,0.169922,0.186212,0.3727595999999983,NOMINAL,NOMINAL,no_change,18.22
75,D:\Pruthu\cv projects\research\Safety-Monitored Edge Perception for ADAS\data\processed\kitti_yolo\images\val\001033.png,2026-07-17T11:57:33.034230+00:00,tensorrt_fp16,1,0.901855,0.098145,0.186212,0.3727595999999983,NOMINAL,NOMINAL,no_change,17.27
76,D:\Pruthu\cv projects\research\Safety-Monitored Edge Perception for ADAS\data\processed\kitti_yolo\images\val\001058.png,2026-07-17T11:57:33.051231+00:00,tensorrt_fp16,5,0.936035,0.063965,0.186212,0.3727595999999983,NOMINAL,NOMINAL,no_change,16.2
77,D:\Pruthu\cv projects\research\Safety-Monitored Edge Perception for ADAS\data\processed\kitti_yolo\images\val\001065.png,2026-07-17T11:57:33.066230+00:00,tensorrt_fp16,20,0.928711,0.071289,0.186212,0.3727595999999983,NOMINAL,NOMINAL,no_change,14.95
78,D:\Pruthu\cv projects\research\Safety-Monitored Edge Perception for ADAS\data\processed\kitti_yolo\images\val\001073.png,2026-07-17T11:57:33.081231+00:00,tensorrt_fp16,3,0.78418,0.21582,0.186212,0.3727595999999983,NOMINAL,NOMINAL,no_change,14.6
79,D:\Pruthu\cv projects\research\Safety-Monitored Edge Perception for ADAS\data\processed\kitti_yolo\images\val\001079.png,2026-07-17T11:57:33.095234+00:00,tensorrt_fp16,1,0.863281,0.136719,0.186212,0.3727595999999983,NOMINAL,NOMINAL,no_change,14.62
80,D:\Pruthu\cv projects\research\Safety-Monitored Edge Perception for ADAS\data\processed\kitti_yolo\images\val\001104.png,2026-07-17T11:57:33.112737+00:00,tensorrt_fp16,10,0.91748,0.08252,0.186212,0.3727595999999983,NOMINAL,NOMINAL,no_change,16.61
81,D:\Pruthu\cv projects\research\Safety-Monitored Edge Perception for ADAS\data\processed\kitti_yolo\images\val\001120.png,2026-07-17T11:57:33.127738+00:00,tensorrt_fp16,12,0.935547,0.064453,0.186212,0.3727595999999983,NOMINAL,NOMINAL,no_change,15.39
82,D:\Pruthu\cv projects\research\Safety-Monitored Edge Perception for ADAS\data\processed\kitti_yolo\images\val\001124.png,2026-07-17T11:57:33.143740+00:00,tensorrt_fp16,1,0.864258,0.135742,0.186212,0.3727595999999983,NOMINAL,NOMINAL,no_change,15.13
83,D:\Pruthu\cv projects\research\Safety-Monitored Edge Perception for ADAS\data\processed\kitti_yolo\images\val\001127.png,2026-07-17T11:57:33.158739+00:00,tensorrt_fp16,9,0.927246,0.072754,0.186212,0.3727595999999983,NOMINAL,NOMINAL,no_change,15.61
84,D:\Pruthu\cv projects\research\Safety-Monitored Edge Perception for ADAS\data\processed\kitti_yolo\images\val\001136.png,2026-07-17T11:57:33.174739+00:00,tensorrt_fp16,10,0.949707,0.050293,0.186212,0.3727595999999983,NOMINAL,NOMINAL,no_change,15.07
85,D:\Pruthu\cv projects\research\Safety-Monitored Edge Perception for ADAS\data\processed\kitti_yolo\images\val\001145.png,2026-07-17T11:57:33.188739+00:00,tensorrt_fp16,7,0.900391,0.099609,0.186212,0.3727595999999983,NOMINAL,NOMINAL,no_change,13.9
86,D:\Pruthu\cv projects\research\Safety-Monitored Edge Perception for ADAS\data\processed\kitti_yolo\images\val\001162.png,2026-07-17T11:57:33.202746+00:00,tensorrt_fp16,16,0.977539,0.022461,0.186212,0.3727595999999983,NOMINAL,NOMINAL,no_change,14.39
87,D:\Pruthu\cv projects\research\Safety-Monitored Edge Perception for ADAS\data\processed\kitti_yolo\images\val\001180.png,2026-07-17T11:57:33.218253+00:00,tensorrt_fp16,17,0.931152,0.068848,0.186212,0.3727595999999983,NOMINAL,NOMINAL,no_change,15.18
88,D:\Pruthu\cv projects\research\Safety-Monitored Edge Perception for ADAS\data\processed\kitti_yolo\images\val\001192.png,2026-07-17T11:57:33.235254+00:00,tensorrt_fp16,8,0.932129,0.067871,0.186212,0.3727595999999983,NOMINAL,NOMINAL,no_change,17.08
89,D:\Pruthu\cv projects\research\Safety-Monitored Edge Perception for ADAS\data\processed\kitti_yolo\images\val\001196.png,2026-07-17T11:57:33.252256+00:00,tensorrt_fp16,9,0.902832,0.097168,0.186212,0.3727595999999983,NOMINAL,NOMINAL,no_change,16.58
90,D:\Pruthu\cv projects\research\Safety-Monitored Edge Perception for ADAS\data\processed\kitti_yolo\images\val\001199.png,2026-07-17T11:57:33.268254+00:00,tensorrt_fp16,16,0.927246,0.072754,0.186212,0.3727595999999983,NOMINAL,NOMINAL,no_change,15.34
91,D:\Pruthu\cv projects\research\Safety-Monitored Edge Perception for ADAS\data\processed\kitti_yolo\images\val\001217.png,2026-07-17T11:57:33.283255+00:00,tensorrt_fp16,9,0.947754,0.052246,0.186212,0.3727595999999983,NOMINAL,NOMINAL,no_change,14.65
92,D:\Pruthu\cv projects\research\Safety-Monitored Edge Perception for ADAS\data\processed\kitti_yolo\images\val\001220.png,2026-07-17T11:57:33.297764+00:00,tensorrt_fp16,22,0.820801,0.179199,0.186212,0.3727595999999983,NOMINAL,NOMINAL,no_change,14.4
93,D:\Pruthu\cv projects\research\Safety-Monitored Edge Perception for ADAS\data\processed\kitti_yolo\images\val\001231.png,2026-07-17T11:57:33.314593+00:00,tensorrt_fp16,4,0.827637,0.172363,0.186212,0.3727595999999983,NOMINAL,NOMINAL,no_change,16.66
94,D:\Pruthu\cv projects\research\Safety-Monitored Edge Perception for ADAS\data\processed\kitti_yolo\images\val\001236.png,2026-07-17T11:57:33.329591+00:00,tensorrt_fp16,4,0.874023,0.125977,0.186212,0.3727595999999983,NOMINAL,NOMINAL,no_change,14.08
95,D:\Pruthu\cv projects\research\Safety-Monitored Edge Perception for ADAS\data\processed\kitti_yolo\images\val\001246.png,2026-07-17T11:57:33.346594+00:00,tensorrt_fp16,19,0.935059,0.064941,0.186212,0.3727595999999983,NOMINAL,NOMINAL,no_change,17.26
96,D:\Pruthu\cv projects\research\Safety-Monitored Edge Perception for ADAS\data\processed\kitti_yolo\images\val\001263.png,2026-07-17T11:57:33.362592+00:00,tensorrt_fp16,6,0.911621,0.088379,0.186212,0.3727595999999983,NOMINAL,NOMINAL,no_change,16.22
97,D:\Pruthu\cv projects\research\Safety-Monitored Edge Perception for ADAS\data\processed\kitti_yolo\images\val\001265.png,2026-07-17T11:57:33.377591+00:00,tensorrt_fp16,4,0.898438,0.101562,0.186212,0.3727595999999983,NOMINAL,NOMINAL,no_change,14.87
98,D:\Pruthu\cv projects\research\Safety-Monitored Edge Perception for ADAS\data\processed\kitti_yolo\images\val\001267.png,2026-07-17T11:57:33.392591+00:00,tensorrt_fp16,22,0.928711,0.071289,0.186212,0.3727595999999983,NOMINAL,NOMINAL,no_change,14.16
99,D:\Pruthu\cv projects\research\Safety-Monitored Edge Perception for ADAS\data\processed\kitti_yolo\images\val\001269.png,2026-07-17T11:57:33.408598+00:00,tensorrt_fp16,6,0.915527,0.084473,0.186212,0.3727595999999983,NOMINAL,NOMINAL,no_change,16.37
100,D:\Pruthu\cv projects\research\Safety-Monitored Edge Perception for ADAS\data\processed\kitti_yolo\images\val\001286.png,2026-07-17T11:57:33.423110+00:00,tensorrt_fp16,8,0.616699,0.383301,0.186212,0.3727595999999983,NOMINAL,NOMINAL,no_change,14.44
101,D:\Pruthu\cv projects\research\Safety-Monitored Edge Perception for ADAS\data\processed\kitti_yolo\images\val\001297.png,2026-07-17T11:57:33.438110+00:00,tensorrt_fp16,1,0.78125,0.21875,0.186212,0.3727595999999983,NOMINAL,NOMINAL,no_change,14.21
102,D:\Pruthu\cv projects\research\Safety-Monitored Edge Perception for ADAS\data\processed\kitti_yolo\images\val\001300.png,2026-07-17T11:57:33.457658+00:00,tensorrt_fp16,1,0.853027,0.146973,0.186212,0.3727595999999983,NOMINAL,NOMINAL,no_change,19.18
103,D:\Pruthu\cv projects\research\Safety-Monitored Edge Perception for ADAS\data\processed\kitti_yolo\images\val\001313.png,2026-07-17T11:57:33.471833+00:00,tensorrt_fp16,3,0.945312,0.054688,0.186212,0.3727595999999983,NOMINAL,NOMINAL,no_change,14.56
104,D:\Pruthu\cv projects\research\Safety-Monitored Edge Perception for ADAS\data\processed\kitti_yolo\images\val\001317.png,2026-07-17T11:57:33.485834+00:00,tensorrt_fp16,14,0.908203,0.091797,0.186212,0.3727595999999983,NOMINAL,NOMINAL,no_change,13.88
105,D:\Pruthu\cv projects\research\Safety-Monitored Edge Perception for ADAS\data\processed\kitti_yolo\images\val\001329.png,2026-07-17T11:57:33.500837+00:00,tensorrt_fp16,3,0.905273,0.094727,0.186212,0.3727595999999983,NOMINAL,NOMINAL,no_change,15.0
106,D:\Pruthu\cv projects\research\Safety-Monitored Edge Perception for ADAS\data\processed\kitti_yolo\images\val\001347.png,2026-07-17T11:57:33.516346+00:00,tensorrt_fp16,7,0.877441,0.122559,0.186212,0.3727595999999983,NOMINAL,NOMINAL,no_change,14.56
107,D:\Pruthu\cv projects\research\Safety-Monitored Edge Perception for ADAS\data\processed\kitti_yolo\images\val\001413.png,2026-07-17T11:57:33.531347+00:00,tensorrt_fp16,7,0.897461,0.102539,0.186212,0.3727595999999983,NOMINAL,NOMINAL,no_change,14.69
108,D:\Pruthu\cv projects\research\Safety-Monitored Edge Perception for ADAS\data\processed\kitti_yolo\images\val\001421.png,2026-07-17T11:57:33.545348+00:00,tensorrt_fp16,1,0.823242,0.176758,0.186212,0.3727595999999983,NOMINAL,NOMINAL,no_change,14.57
109,D:\Pruthu\cv projects\research\Safety-Monitored Edge Perception for ADAS\data\processed\kitti_yolo\images\val\001427.png,2026-07-17T11:57:33.560349+00:00,tensorrt_fp16,1,0.848145,0.151855,0.186212,0.3727595999999983,NOMINAL,NOMINAL,no_change,14.96
110,D:\Pruthu\cv projects\research\Safety-Monitored Edge Perception for ADAS\data\processed\kitti_yolo\images\val\001429.png,2026-07-17T11:57:33.579347+00:00,tensorrt_fp16,23,0.928223,0.071777,0.186212,0.3727595999999983,NOMINAL,NOMINAL,no_change,18.11
111,D:\Pruthu\cv projects\research\Safety-Monitored Edge Perception for ADAS\data\processed\kitti_yolo\images\val\001438.png,2026-07-17T11:57:33.594348+00:00,tensorrt_fp16,8,0.948242,0.051758,0.186212,0.3727595999999983,NOMINAL,NOMINAL,no_change,15.0
112,D:\Pruthu\cv projects\research\Safety-Monitored Edge Perception for ADAS\data\processed\kitti_yolo\images\val\001451.png,2026-07-17T11:57:33.608354+00:00,tensorrt_fp16,7,0.925293,0.074707,0.186212,0.3727595999999983,NOMINAL,NOMINAL,no_change,14.98
113,D:\Pruthu\cv projects\research\Safety-Monitored Edge Perception for ADAS\data\processed\kitti_yolo\images\val\001475.png,2026-07-17T11:57:33.627867+00:00,tensorrt_fp16,40,0.927734,0.072266,0.186212,0.3727595999999983,NOMINAL,NOMINAL,no_change,17.87
114,D:\Pruthu\cv projects\research\Safety-Monitored Edge Perception for ADAS\data\processed\kitti_yolo\images\val\001477.png,2026-07-17T11:57:33.642868+00:00,tensorrt_fp16,1,0.835449,0.164551,0.186212,0.3727595999999983,NOMINAL,NOMINAL,no_change,15.58
115,D:\Pruthu\cv projects\research\Safety-Monitored Edge Perception for ADAS\data\processed\kitti_yolo\images\val\001481.png,2026-07-17T11:57:33.658055+00:00,tensorrt_fp16,13,0.923828,0.076172,0.186212,0.3727595999999983,NOMINAL,NOMINAL,no_change,14.35
116,D:\Pruthu\cv projects\research\Safety-Monitored Edge Perception for ADAS\data\processed\kitti_yolo\images\val\001493.png,2026-07-17T11:57:33.673055+00:00,tensorrt_fp16,8,0.890137,0.109863,0.186212,0.3727595999999983,NOMINAL,NOMINAL,no_change,14.78
117,D:\Pruthu\cv projects\research\Safety-Monitored Edge Perception for ADAS\data\processed\kitti_yolo\images\val\001542.png,2026-07-17T11:57:33.687409+00:00,tensorrt_fp16,5,0.894043,0.105957,0.186212,0.3727595999999983,NOMINAL,NOMINAL,no_change,14.34
118,D:\Pruthu\cv projects\research\Safety-Monitored Edge Perception for ADAS\data\processed\kitti_yolo\images\val\001545.png,2026-07-17T11:57:33.701414+00:00,tensorrt_fp16,11,0.924316,0.075684,0.186212,0.3727595999999983,NOMINAL,NOMINAL,no_change,14.38
119,D:\Pruthu\cv projects\research\Safety-Monitored Edge Perception for ADAS\data\processed\kitti_yolo\images\val\001554.png,2026-07-17T11:57:33.715921+00:00,tensorrt_fp16,2,0.851074,0.148926,0.186212,0.3727595999999983,NOMINAL,NOMINAL,no_change,14.39
120,D:\Pruthu\cv projects\research\Safety-Monitored Edge Perception for ADAS\data\processed\kitti_yolo\images\val\001616.png,2026-07-17T11:57:33.729925+00:00,tensorrt_fp16,13,0.95166,0.04834,0.186212,0.3727595999999983,NOMINAL,NOMINAL,no_change,13.18
121,D:\Pruthu\cv projects\research\Safety-Monitored Edge Perception for ADAS\data\processed\kitti_yolo\images\val\001635.png,2026-07-17T11:57:33.743925+00:00,tensorrt_fp16,2,0.852051,0.147949,0.186212,0.3727595999999983,NOMINAL,NOMINAL,no_change,13.69
122,D:\Pruthu\cv projects\research\Safety-Monitored Edge Perception for ADAS\data\processed\kitti_yolo\images\val\001644.png,2026-07-17T11:57:33.756923+00:00,tensorrt_fp16,21,0.895508,0.104492,0.186212,0.3727595999999983,NOMINAL,NOMINAL,no_change,12.97
123,D:\Pruthu\cv projects\research\Safety-Monitored Edge Perception for ADAS\data\processed\kitti_yolo\images\val\001651.png,2026-07-17T11:57:33.769921+00:00,tensorrt_fp16,10,0.940918,0.059082,0.186212,0.3727595999999983,NOMINAL,NOMINAL,no_change,13.0
124,D:\Pruthu\cv projects\research\Safety-Monitored Edge Perception for ADAS\data\processed\kitti_yolo\images\val\001674.png,2026-07-17T11:57:33.785918+00:00,tensorrt_fp16,45,0.922852,0.077148,0.186212,0.3727595999999983,NOMINAL,NOMINAL,no_change,15.65
125,D:\Pruthu\cv projects\research\Safety-Monitored Edge Perception for ADAS\data\processed\kitti_yolo\images\val\001681.png,2026-07-17T11:57:33.800930+00:00,tensorrt_fp16,23,0.950195,0.049805,0.186212,0.3727595999999983,NOMINAL,NOMINAL,no_change,15.07
126,D:\Pruthu\cv projects\research\Safety-Monitored Edge Perception for ADAS\data\processed\kitti_yolo\images\val\001702.png,2026-07-17T11:57:33.817067+00:00,tensorrt_fp16,3,0.918457,0.081543,0.186212,0.3727595999999983,NOMINAL,NOMINAL,no_change,16.27
127,D:\Pruthu\cv projects\research\Safety-Monitored Edge Perception for ADAS\data\processed\kitti_yolo\images\val\001742.png,2026-07-17T11:57:33.832945+00:00,tensorrt_fp16,11,0.922363,0.077637,0.186212,0.3727595999999983,NOMINAL,NOMINAL,no_change,15.12
128,D:\Pruthu\cv projects\research\Safety-Monitored Edge Perception for ADAS\data\processed\kitti_yolo\images\val\001761.png,2026-07-17T11:57:33.847945+00:00,tensorrt_fp16,3,0.862305,0.137695,0.186212,0.3727595999999983,NOMINAL,NOMINAL,no_change,14.92
129,D:\Pruthu\cv projects\research\Safety-Monitored Edge Perception for ADAS\data\processed\kitti_yolo\images\val\001762.png,2026-07-17T11:57:33.861947+00:00,tensorrt_fp16,3,0.888184,0.111816,0.186212,0.3727595999999983,NOMINAL,NOMINAL,no_change,13.18
130,D:\Pruthu\cv projects\research\Safety-Monitored Edge Perception for ADAS\data\processed\kitti_yolo\images\val\001765.png,2026-07-17T11:57:33.874947+00:00,tensorrt_fp16,11,0.939453,0.060547,0.186212,0.3727595999999983,NOMINAL,NOMINAL,no_change,13.71
131,D:\Pruthu\cv projects\research\Safety-Monitored Edge Perception for ADAS\data\processed\kitti_yolo\images\val\001766.png,2026-07-17T11:57:33.891419+00:00,tensorrt_fp16,15,0.906738,0.093262,0.186212,0.3727595999999983,NOMINAL,NOMINAL,no_change,15.75
132,D:\Pruthu\cv projects\research\Safety-Monitored Edge Perception for ADAS\data\processed\kitti_yolo\images\val\001779.png,2026-07-17T11:57:33.907451+00:00,tensorrt_fp16,12,0.913086,0.086914,0.186212,0.3727595999999983,NOMINAL,NOMINAL,no_change,15.58
133,D:\Pruthu\cv projects\research\Safety-Monitored Edge Perception for ADAS\data\processed\kitti_yolo\images\val\001814.png,2026-07-17T11:57:33.921959+00:00,tensorrt_fp16,4,0.94873,0.05127,0.186212,0.3727595999999983,NOMINAL,NOMINAL,no_change,14.08
134,D:\Pruthu\cv projects\research\Safety-Monitored Edge Perception for ADAS\data\processed\kitti_yolo\images\val\001855.png,2026-07-17T11:57:33.934958+00:00,tensorrt_fp16,25,0.927734,0.072266,0.186212,0.3727595999999983,NOMINAL,NOMINAL,no_change,13.62
135,D:\Pruthu\cv projects\research\Safety-Monitored Edge Perception for ADAS\data\processed\kitti_yolo\images\val\001871.png,2026-07-17T11:57:33.948959+00:00,tensorrt_fp16,1,0.883301,0.116699,0.186212,0.3727595999999983,NOMINAL,NOMINAL,no_change,13.51
136,D:\Pruthu\cv projects\research\Safety-Monitored Edge Perception for ADAS\data\processed\kitti_yolo\images\val\001896.png,2026-07-17T11:57:33.961958+00:00,tensorrt_fp16,8,0.911621,0.088379,0.186212,0.3727595999999983,NOMINAL,NOMINAL,no_change,12.99
137,D:\Pruthu\cv projects\research\Safety-Monitored Edge Perception for ADAS\data\processed\kitti_yolo\images\val\001902.png,2026-07-17T11:57:33.974958+00:00,tensorrt_fp16,1,0.808105,0.191895,0.186212,0.3727595999999983,NOMINAL,NOMINAL,no_change,12.7
138,D:\Pruthu\cv projects\research\Safety-Monitored Edge Perception for ADAS\data\processed\kitti_yolo\images\val\001908.png,2026-07-17T11:57:33.987958+00:00,tensorrt_fp16,32,0.916504,0.083496,0.186212,0.3727595999999983,NOMINAL,NOMINAL,no_change,13.29
139,D:\Pruthu\cv projects\research\Safety-Monitored Edge Perception for ADAS\data\processed\kitti_yolo\images\val\001913.png,2026-07-17T11:57:34.001961+00:00,tensorrt_fp16,2,0.825684,0.174316,0.186212,0.3727595999999983,NOMINAL,NOMINAL,no_change,13.38
140,D:\Pruthu\cv projects\research\Safety-Monitored Edge Perception for ADAS\data\processed\kitti_yolo\images\val\001934.png,2026-07-17T11:57:34.015471+00:00,tensorrt_fp16,3,0.868652,0.131348,0.186212,0.3727595999999983,NOMINAL,NOMINAL,no_change,13.63
141,D:\Pruthu\cv projects\research\Safety-Monitored Edge Perception for ADAS\data\processed\kitti_yolo\images\val\001953.png,2026-07-17T11:57:34.033471+00:00,tensorrt_fp16,4,0.900391,0.099609,0.186212,0.3727595999999983,NOMINAL,NOMINAL,no_change,17.31
142,D:\Pruthu\cv projects\research\Safety-Monitored Edge Perception for ADAS\data\processed\kitti_yolo\images\val\001960.png,2026-07-17T11:57:34.056471+00:00,tensorrt_fp16,5,0.913574,0.086426,0.186212,0.3727595999999983,NOMINAL,NOMINAL,no_change,23.39
143,D:\Pruthu\cv projects\research\Safety-Monitored Edge Perception for ADAS\data\processed\kitti_yolo\images\val\001972.png,2026-07-17T11:57:34.073476+00:00,tensorrt_fp16,9,0.865234,0.134766,0.186212,0.3727595999999983,NOMINAL,NOMINAL,no_change,16.58
144,D:\Pruthu\cv projects\research\Safety-Monitored Edge Perception for ADAS\data\processed\kitti_yolo\images\val\001981.png,2026-07-17T11:57:34.087475+00:00,tensorrt_fp16,10,0.858887,0.141113,0.186212,0.3727595999999983,NOMINAL,NOMINAL,no_change,13.68
145,D:\Pruthu\cv projects\research\Safety-Monitored Edge Perception for ADAS\data\processed\kitti_yolo\images\val\001995.png,2026-07-17T11:57:34.102483+00:00,tensorrt_fp16,2,0.838867,0.161133,0.186212,0.3727595999999983,NOMINAL,NOMINAL,no_change,15.11
146,D:\Pruthu\cv projects\research\Safety-Monitored Edge Perception for ADAS\data\processed\kitti_yolo\images\val\001996.png,2026-07-17T11:57:34.116997+00:00,tensorrt_fp16,4,0.932129,0.067871,0.186212,0.3727595999999983,NOMINAL,NOMINAL,no_change,14.21
147,D:\Pruthu\cv projects\research\Safety-Monitored Edge Perception for ADAS\data\processed\kitti_yolo\images\val\002000.png,2026-07-17T11:57:34.130991+00:00,tensorrt_fp16,9,0.948242,0.051758,0.186212,0.3727595999999983,NOMINAL,NOMINAL,no_change,13.5
148,D:\Pruthu\cv projects\research\Safety-Monitored Edge Perception for ADAS\data\processed\kitti_yolo\images\val\002077.png,2026-07-17T11:57:34.144988+00:00,tensorrt_fp16,16,0.937988,0.062012,0.186212,0.3727595999999983,NOMINAL,NOMINAL,no_change,13.56
149,D:\Pruthu\cv projects\research\Safety-Monitored Edge Perception for ADAS\data\processed\kitti_yolo\images\val\002088.png,2026-07-17T11:57:34.157988+00:00,tensorrt_fp16,28,0.9375,0.0625,0.186212,0.3727595999999983,NOMINAL,NOMINAL,no_change,13.55
150,D:\Pruthu\cv projects\research\Safety-Monitored Edge Perception for ADAS\data\processed\kitti_yolo\images\val\002091.png,2026-07-17T11:57:34.170988+00:00,tensorrt_fp16,4,0.90918,0.09082,0.186212,0.3727595999999983,NOMINAL,NOMINAL,no_change,13.03
151,D:\Pruthu\cv projects\research\Safety-Monitored Edge Perception for ADAS\data\processed\kitti_yolo\images\val\002096.png,2026-07-17T11:57:34.186987+00:00,tensorrt_fp16,11,0.9375,0.0625,0.186212,0.3727595999999983,NOMINAL,NOMINAL,no_change,15.63
152,D:\Pruthu\cv projects\research\Safety-Monitored Edge Perception for ADAS\data\processed\kitti_yolo\images\val\002105.png,2026-07-17T11:57:34.202989+00:00,tensorrt_fp16,24,0.924316,0.075684,0.186212,0.3727595999999983,NOMINAL,NOMINAL,no_change,15.26
153,D:\Pruthu\cv projects\research\Safety-Monitored Edge Perception for ADAS\data\processed\kitti_yolo\images\val\002147.png,2026-07-17T11:57:34.218111+00:00,tensorrt_fp16,44,0.938477,0.061523,0.186212,0.3727595999999983,NOMINAL,NOMINAL,no_change,15.48
154,D:\Pruthu\cv projects\research\Safety-Monitored Edge Perception for ADAS\data\processed\kitti_yolo\images\val\002167.png,2026-07-17T11:57:34.234113+00:00,tensorrt_fp16,6,0.908203,0.091797,0.186212,0.3727595999999983,NOMINAL,NOMINAL,no_change,15.24
155,D:\Pruthu\cv projects\research\Safety-Monitored Edge Perception for ADAS\data\processed\kitti_yolo\images\val\002173.png,2026-07-17T11:57:34.250112+00:00,tensorrt_fp16,15,0.924805,0.075195,0.186212,0.3727595999999983,NOMINAL,NOMINAL,no_change,15.38
156,D:\Pruthu\cv projects\research\Safety-Monitored Edge Perception for ADAS\data\processed\kitti_yolo\images\val\002188.png,2026-07-17T11:57:34.263463+00:00,tensorrt_fp16,6,0.889648,0.110352,0.186212,0.3727595999999983,NOMINAL,NOMINAL,no_change,13.82
157,D:\Pruthu\cv projects\research\Safety-Monitored Edge Perception for ADAS\data\processed\kitti_yolo\images\val\002190.png,2026-07-17T11:57:34.277463+00:00,tensorrt_fp16,1,0.82666,0.17334,0.186212,0.3727595999999983,NOMINAL,NOMINAL,no_change,13.0
158,D:\Pruthu\cv projects\research\Safety-Monitored Edge Perception for ADAS\data\processed\kitti_yolo\images\val\002207.png,2026-07-17T11:57:34.290463+00:00,tensorrt_fp16,3,0.90918,0.09082,0.186212,0.3727595999999983,NOMINAL,NOMINAL,no_change,13.1
159,D:\Pruthu\cv projects\research\Safety-Monitored Edge Perception for ADAS\data\processed\kitti_yolo\images\val\002229.png,2026-07-17T11:57:34.303466+00:00,tensorrt_fp16,6,0.891113,0.108887,0.186212,0.3727595999999983,NOMINAL,NOMINAL,no_change,13.27
160,D:\Pruthu\cv projects\research\Safety-Monitored Edge Perception for ADAS\data\processed\kitti_yolo\images\val\002230.png,2026-07-17T11:57:34.316972+00:00,tensorrt_fp16,36,0.912598,0.087402,0.186212,0.3727595999999983,NOMINAL,NOMINAL,no_change,12.97
161,D:\Pruthu\cv projects\research\Safety-Monitored Edge Perception for ADAS\data\processed\kitti_yolo\images\val\002232.png,2026-07-17T11:57:34.329971+00:00,tensorrt_fp16,16,0.939453,0.060547,0.186212,0.3727595999999983,NOMINAL,NOMINAL,no_change,13.29
162,D:\Pruthu\cv projects\research\Safety-Monitored Edge Perception for ADAS\data\processed\kitti_yolo\images\val\002237.png,2026-07-17T11:57:34.343947+00:00,tensorrt_fp16,6,0.910645,0.089355,0.186212,0.3727595999999983,NOMINAL,NOMINAL,no_change,14.15
163,D:\Pruthu\cv projects\research\Safety-Monitored Edge Perception for ADAS\data\processed\kitti_yolo\images\val\002238.png,2026-07-17T11:57:34.358383+00:00,tensorrt_fp16,1,0.729492,0.270508,0.186212,0.3727595999999983,NOMINAL,NOMINAL,no_change,13.37
164,D:\Pruthu\cv projects\research\Safety-Monitored Edge Perception for ADAS\data\processed\kitti_yolo\images\val\002248.png,2026-07-17T11:57:34.371382+00:00,tensorrt_fp16,5,0.895508,0.104492,0.186212,0.3727595999999983,NOMINAL,NOMINAL,no_change,13.33
165,D:\Pruthu\cv projects\research\Safety-Monitored Edge Perception for ADAS\data\processed\kitti_yolo\images\val\002252.png,2026-07-17T11:57:34.385394+00:00,tensorrt_fp16,1,0.854004,0.145996,0.186212,0.3727595999999983,NOMINAL,NOMINAL,no_change,14.02
166,D:\Pruthu\cv projects\research\Safety-Monitored Edge Perception for ADAS\data\processed\kitti_yolo\images\val\002316.png,2026-07-17T11:57:34.399387+00:00,tensorrt_fp16,1,0.885742,0.114258,0.186212,0.3727595999999983,NOMINAL,NOMINAL,no_change,13.79
167,D:\Pruthu\cv projects\research\Safety-Monitored Edge Perception for ADAS\data\processed\kitti_yolo\images\val\002317.png,2026-07-17T11:57:34.415966+00:00,tensorrt_fp16,58,0.945801,0.054199,0.186212,0.3727595999999983,NOMINAL,NOMINAL,no_change,16.01
168,D:\Pruthu\cv projects\research\Safety-Monitored Edge Perception for ADAS\data\processed\kitti_yolo\images\val\002327.png,2026-07-17T11:57:34.431568+00:00,tensorrt_fp16,4,0.898926,0.101074,0.186212,0.3727595999999983,NOMINAL,NOMINAL,no_change,15.64
169,D:\Pruthu\cv projects\research\Safety-Monitored Edge Perception for ADAS\data\processed\kitti_yolo\images\val\002344.png,2026-07-17T11:57:34.445698+00:00,tensorrt_fp16,12,0.925293,0.074707,0.186212,0.3727595999999983,NOMINAL,NOMINAL,no_change,13.88
170,D:\Pruthu\cv projects\research\Safety-Monitored Edge Perception for ADAS\data\processed\kitti_yolo\images\val\002354.png,2026-07-17T11:57:34.460698+00:00,tensorrt_fp16,2,0.57959,0.42041,0.186212,0.3727595999999983,NOMINAL,NOMINAL,no_change,14.42
171,D:\Pruthu\cv projects\research\Safety-Monitored Edge Perception for ADAS\data\processed\kitti_yolo\images\val\002356.png,2026-07-17T11:57:34.476202+00:00,tensorrt_fp16,4,0.905762,0.094238,0.186212,0.3727595999999983,NOMINAL,NOMINAL,no_change,15.61
172,D:\Pruthu\cv projects\research\Safety-Monitored Edge Perception for ADAS\data\processed\kitti_yolo\images\val\002360.png,2026-07-17T11:57:34.491526+00:00,tensorrt_fp16,1,0.870605,0.129395,0.186212,0.3727595999999983,NOMINAL,NOMINAL,no_change,15.53
173,D:\Pruthu\cv projects\research\Safety-Monitored Edge Perception for ADAS\data\processed\kitti_yolo\images\val\002364.png,2026-07-17T11:57:34.506556+00:00,tensorrt_fp16,5,0.888672,0.111328,0.186212,0.3727595999999983,NOMINAL,NOMINAL,no_change,14.5
174,D:\Pruthu\cv projects\research\Safety-Monitored Edge Perception for ADAS\data\processed\kitti_yolo\images\val\002371.png,2026-07-17T11:57:34.521878+00:00,tensorrt_fp16,8,0.931641,0.068359,0.186212,0.3727595999999983,NOMINAL,NOMINAL,no_change,15.48
175,D:\Pruthu\cv projects\research\Safety-Monitored Edge Perception for ADAS\data\processed\kitti_yolo\images\val\002385.png,2026-07-17T11:57:34.538016+00:00,tensorrt_fp16,14,0.926758,0.073242,0.186212,0.3727595999999983,NOMINAL,NOMINAL,no_change,15.26
176,D:\Pruthu\cv projects\research\Safety-Monitored Edge Perception for ADAS\data\processed\kitti_yolo\images\val\002386.png,2026-07-17T11:57:34.553025+00:00,tensorrt_fp16,31,0.823242,0.176758,0.186212,0.3727595999999983,NOMINAL,NOMINAL,no_change,15.02
177,D:\Pruthu\cv projects\research\Safety-Monitored Edge Perception for ADAS\data\processed\kitti_yolo\images\val\002403.png,2026-07-17T11:57:34.566027+00:00,tensorrt_fp16,2,0.91748,0.08252,0.186212,0.3727595999999983,NOMINAL,NOMINAL,no_change,12.76
178,D:\Pruthu\cv projects\research\Safety-Monitored Edge Perception for ADAS\data\processed\kitti_yolo\images\val\002418.png,2026-07-17T11:57:34.579027+00:00,tensorrt_fp16,16,0.854004,0.145996,0.186212,0.3727595999999983,NOMINAL,NOMINAL,no_change,13.35
179,D:\Pruthu\cv projects\research\Safety-Monitored Edge Perception for ADAS\data\processed\kitti_yolo\images\val\002423.png,2026-07-17T11:57:34.595029+00:00,tensorrt_fp16,9,0.916016,0.083984,0.186212,0.3727595999999983,NOMINAL,NOMINAL,no_change,15.41
180,D:\Pruthu\cv projects\research\Safety-Monitored Edge Perception for ADAS\data\processed\kitti_yolo\images\val\002435.png,2026-07-17T11:57:34.610037+00:00,tensorrt_fp16,22,0.935059,0.064941,0.186212,0.3727595999999983,NOMINAL,NOMINAL,no_change,14.91
181,D:\Pruthu\cv projects\research\Safety-Monitored Edge Perception for ADAS\data\processed\kitti_yolo\images\val\002450.png,2026-07-17T11:57:34.626258+00:00,tensorrt_fp16,15,0.946777,0.053223,0.186212,0.3727595999999983,NOMINAL,NOMINAL,no_change,15.78
182,D:\Pruthu\cv projects\research\Safety-Monitored Edge Perception for ADAS\data\processed\kitti_yolo\images\val\002453.png,2026-07-17T11:57:34.639663+00:00,tensorrt_fp16,1,0.88623,0.11377,0.186212,0.3727595999999983,NOMINAL,NOMINAL,no_change,13.34
183,D:\Pruthu\cv projects\research\Safety-Monitored Edge Perception for ADAS\data\processed\kitti_yolo\images\val\002469.png,2026-07-17T11:57:34.653165+00:00,tensorrt_fp16,1,0.872559,0.127441,0.186212,0.3727595999999983,NOMINAL,NOMINAL,no_change,13.71
184,D:\Pruthu\cv projects\research\Safety-Monitored Edge Perception for ADAS\data\processed\kitti_yolo\images\val\002491.png,2026-07-17T11:57:34.667164+00:00,tensorrt_fp16,2,0.902832,0.097168,0.186212,0.3727595999999983,NOMINAL,NOMINAL,no_change,13.58
185,D:\Pruthu\cv projects\research\Safety-Monitored Edge Perception for ADAS\data\processed\kitti_yolo\images\val\002493.png,2026-07-17T11:57:34.681164+00:00,tensorrt_fp16,2,0.827637,0.172363,0.186212,0.3727595999999983,NOMINAL,NOMINAL,no_change,13.8
186,D:\Pruthu\cv projects\research\Safety-Monitored Edge Perception for ADAS\data\processed\kitti_yolo\images\val\002501.png,2026-07-17T11:57:34.694164+00:00,tensorrt_fp16,11,0.88623,0.11377,0.186212,0.3727595999999983,NOMINAL,NOMINAL,no_change,13.32
187,D:\Pruthu\cv projects\research\Safety-Monitored Edge Perception for ADAS\data\processed\kitti_yolo\images\val\002531.png,2026-07-17T11:57:34.708557+00:00,tensorrt_fp16,17,0.881836,0.118164,0.186212,0.3727595999999983,NOMINAL,NOMINAL,no_change,13.51
188,D:\Pruthu\cv projects\research\Safety-Monitored Edge Perception for ADAS\data\processed\kitti_yolo\images\val\002545.png,2026-07-17T11:57:34.723253+00:00,tensorrt_fp16,2,0.938965,0.061035,0.186212,0.3727595999999983,NOMINAL,NOMINAL,no_change,15.41
189,D:\Pruthu\cv projects\research\Safety-Monitored Edge Perception for ADAS\data\processed\kitti_yolo\images\val\002576.png,2026-07-17T11:57:34.738967+00:00,tensorrt_fp16,3,0.895508,0.104492,0.186212,0.3727595999999983,NOMINAL,NOMINAL,no_change,14.45
190,D:\Pruthu\cv projects\research\Safety-Monitored Edge Perception for ADAS\data\processed\kitti_yolo\images\val\002589.png,2026-07-17T11:57:34.754867+00:00,tensorrt_fp16,3,0.929199,0.070801,0.186212,0.3727595999999983,NOMINAL,NOMINAL,no_change,15.86
191,D:\Pruthu\cv projects\research\Safety-Monitored Edge Perception for ADAS\data\processed\kitti_yolo\images\val\002594.png,2026-07-17T11:57:34.769776+00:00,tensorrt_fp16,8,0.918945,0.081055,0.186212,0.3727595999999983,NOMINAL,NOMINAL,no_change,15.06
192,D:\Pruthu\cv projects\research\Safety-Monitored Edge Perception for ADAS\data\processed\kitti_yolo\images\val\002636.png,2026-07-17T11:57:34.783315+00:00,tensorrt_fp16,5,0.880859,0.119141,0.186212,0.3727595999999983,NOMINAL,NOMINAL,no_change,13.19
193,D:\Pruthu\cv projects\research\Safety-Monitored Edge Perception for ADAS\data\processed\kitti_yolo\images\val\002652.png,2026-07-17T11:57:34.799222+00:00,tensorrt_fp16,27,0.933105,0.066895,0.186212,0.3727595999999983,NOMINAL,NOMINAL,no_change,15.25
194,D:\Pruthu\cv projects\research\Safety-Monitored Edge Perception for ADAS\data\processed\kitti_yolo\images\val\002690.png,2026-07-17T11:57:34.814226+00:00,tensorrt_fp16,9,0.887207,0.112793,0.186212,0.3727595999999983,NOMINAL,NOMINAL,no_change,14.6
195,D:\Pruthu\cv projects\research\Safety-Monitored Edge Perception for ADAS\data\processed\kitti_yolo\images\val\002700.png,2026-07-17T11:57:34.828728+00:00,tensorrt_fp16,2,0.892578,0.107422,0.186212,0.3727595999999983,NOMINAL,NOMINAL,no_change,14.74
196,D:\Pruthu\cv projects\research\Safety-Monitored Edge Perception for ADAS\data\processed\kitti_yolo\images\val\002701.png,2026-07-17T11:57:34.844699+00:00,tensorrt_fp16,10,0.907227,0.092773,0.186212,0.3727595999999983,NOMINAL,NOMINAL,no_change,15.64
197,D:\Pruthu\cv projects\research\Safety-Monitored Edge Perception for ADAS\data\processed\kitti_yolo\images\val\002723.png,2026-07-17T11:57:34.860190+00:00,tensorrt_fp16,6,0.811523,0.188477,0.186212,0.3727595999999983,NOMINAL,NOMINAL,no_change,14.79
198,D:\Pruthu\cv projects\research\Safety-Monitored Edge Perception for ADAS\data\processed\kitti_yolo\images\val\002728.png,2026-07-17T11:57:34.876391+00:00,tensorrt_fp16,3,0.932617,0.067383,0.186212,0.3727595999999983,NOMINAL,NOMINAL,no_change,15.83
199,D:\Pruthu\cv projects\research\Safety-Monitored Edge Perception for ADAS\data\processed\kitti_yolo\images\val\002771.png,2026-07-17T11:57:34.888898+00:00,tensorrt_fp16,12,0.917969,0.082031,0.186212,0.3727595999999983,NOMINAL,NOMINAL,no_change,12.55
200,D:\Pruthu\cv projects\research\Safety-Monitored Edge Perception for ADAS\data\processed\kitti_yolo\images\val\002784.png,2026-07-17T11:57:34.904431+00:00,tensorrt_fp16,1,0.862305,0.137695,0.186212,0.3727595999999983,NOMINAL,NOMINAL,no_change,15.13
201,D:\Pruthu\cv projects\research\Safety-Monitored Edge Perception for ADAS\data\processed\kitti_yolo\images\val\002799.png,2026-07-17T11:57:34.917066+00:00,tensorrt_fp16,1,0.869629,0.130371,0.186212,0.3727595999999983,NOMINAL,NOMINAL,no_change,12.75
202,D:\Pruthu\cv projects\research\Safety-Monitored Edge Perception for ADAS\data\processed\kitti_yolo\images\val\002813.png,2026-07-17T11:57:34.932547+00:00,tensorrt_fp16,7,0.836426,0.163574,0.186212,0.3727595999999983,NOMINAL,NOMINAL,no_change,15.28
203,D:\Pruthu\cv projects\research\Safety-Monitored Edge Perception for ADAS\data\processed\kitti_yolo\images\val\002824.png,2026-07-17T11:57:34.948045+00:00,tensorrt_fp16,15,0.936523,0.063477,0.186212,0.3727595999999983,NOMINAL,NOMINAL,no_change,15.24
204,D:\Pruthu\cv projects\research\Safety-Monitored Edge Perception for ADAS\data\processed\kitti_yolo\images\val\002827.png,2026-07-17T11:57:34.962503+00:00,tensorrt_fp16,4,0.917969,0.082031,0.186212,0.3727595999999983,NOMINAL,NOMINAL,no_change,14.89
205,D:\Pruthu\cv projects\research\Safety-Monitored Edge Perception for ADAS\data\processed\kitti_yolo\images\val\002850.png,2026-07-17T11:57:34.975504+00:00,tensorrt_fp16,3,0.830078,0.169922,0.186212,0.3727595999999983,NOMINAL,NOMINAL,no_change,12.69
206,D:\Pruthu\cv projects\research\Safety-Monitored Edge Perception for ADAS\data\processed\kitti_yolo\images\val\002862.png,2026-07-17T11:57:34.989504+00:00,tensorrt_fp16,2,0.858887,0.141113,0.186212,0.3727595999999983,NOMINAL,NOMINAL,no_change,13.18
207,D:\Pruthu\cv projects\research\Safety-Monitored Edge Perception for ADAS\data\processed\kitti_yolo\images\val\002865.png,2026-07-17T11:57:35.002507+00:00,tensorrt_fp16,8,0.84375,0.15625,0.186212,0.3727595999999983,NOMINAL,NOMINAL,no_change,12.78
208,D:\Pruthu\cv projects\research\Safety-Monitored Edge Perception for ADAS\data\processed\kitti_yolo\images\val\002868.png,2026-07-17T11:57:35.016015+00:00,tensorrt_fp16,1,0.836426,0.163574,0.186212,0.3727595999999983,NOMINAL,NOMINAL,no_change,13.54
209,D:\Pruthu\cv projects\research\Safety-Monitored Edge Perception for ADAS\data\processed\kitti_yolo\images\val\002880.png,2026-07-17T11:57:35.029015+00:00,tensorrt_fp16,6,0.916504,0.083496,0.186212,0.3727595999999983,NOMINAL,NOMINAL,no_change,13.08
210,D:\Pruthu\cv projects\research\Safety-Monitored Edge Perception for ADAS\data\processed\kitti_yolo\images\val\002886.png,2026-07-17T11:57:35.044576+00:00,tensorrt_fp16,2,0.882812,0.117188,0.186212,0.3727595999999983,NOMINAL,NOMINAL,no_change,15.19
211,D:\Pruthu\cv projects\research\Safety-Monitored Edge Perception for ADAS\data\processed\kitti_yolo\images\val\002890.png,2026-07-17T11:57:35.059835+00:00,tensorrt_fp16,5,0.89502,0.10498,0.186212,0.3727595999999983,NOMINAL,NOMINAL,no_change,15.35
212,D:\Pruthu\cv projects\research\Safety-Monitored Edge Perception for ADAS\data\processed\kitti_yolo\images\val\002896.png,2026-07-17T11:57:35.075345+00:00,tensorrt_fp16,8,0.938965,0.061035,0.186212,0.3727595999999983,NOMINAL,NOMINAL,no_change,14.8
213,D:\Pruthu\cv projects\research\Safety-Monitored Edge Perception for ADAS\data\processed\kitti_yolo\images\val\002963.png,2026-07-17T11:57:35.088769+00:00,tensorrt_fp16,12,0.932617,0.067383,0.186212,0.3727595999999983,NOMINAL,NOMINAL,no_change,13.46
214,D:\Pruthu\cv projects\research\Safety-Monitored Edge Perception for ADAS\data\processed\kitti_yolo\images\val\002964.png,2026-07-17T11:57:35.101771+00:00,tensorrt_fp16,20,0.947266,0.052734,0.186212,0.3727595999999983,NOMINAL,NOMINAL,no_change,12.58
215,D:\Pruthu\cv projects\research\Safety-Monitored Edge Perception for ADAS\data\processed\kitti_yolo\images\val\002971.png,2026-07-17T11:57:35.114279+00:00,tensorrt_fp16,3,0.930664,0.069336,0.186212,0.3727595999999983,NOMINAL,NOMINAL,no_change,12.94
216,D:\Pruthu\cv projects\research\Safety-Monitored Edge Perception for ADAS\data\processed\kitti_yolo\images\val\002981.png,2026-07-17T11:57:35.130014+00:00,tensorrt_fp16,4,0.93457,0.06543,0.186212,0.3727595999999983,NOMINAL,NOMINAL,no_change,15.14
217,D:\Pruthu\cv projects\research\Safety-Monitored Edge Perception for ADAS\data\processed\kitti_yolo\images\val\002996.png,2026-07-17T11:57:35.144509+00:00,tensorrt_fp16,11,0.938477,0.061523,0.186212,0.3727595999999983,NOMINAL,NOMINAL,no_change,14.89
218,D:\Pruthu\cv projects\research\Safety-Monitored Edge Perception for ADAS\data\processed\kitti_yolo\images\val\003009.png,2026-07-17T11:57:35.159885+00:00,tensorrt_fp16,28,0.921387,0.078613,0.186212,0.3727595999999983,NOMINAL,NOMINAL,no_change,15.03
219,D:\Pruthu\cv projects\research\Safety-Monitored Edge Perception for ADAS\data\processed\kitti_yolo\images\val\003019.png,2026-07-17T11:57:35.175882+00:00,tensorrt_fp16,11,0.925781,0.074219,0.186212,0.3727595999999983,NOMINAL,NOMINAL,no_change,15.45
220,D:\Pruthu\cv projects\research\Safety-Monitored Edge Perception for ADAS\data\processed\kitti_yolo\images\val\003020.png,2026-07-17T11:57:35.191344+00:00,tensorrt_fp16,4,0.728027,0.271973,0.186212,0.3727595999999983,NOMINAL,NOMINAL,no_change,15.24
221,D:\Pruthu\cv projects\research\Safety-Monitored Edge Perception for ADAS\data\processed\kitti_yolo\images\val\003040.png,2026-07-17T11:57:35.204880+00:00,tensorrt_fp16,8,0.908691,0.091309,0.186212,0.3727595999999983,NOMINAL,NOMINAL,no_change,13.11
222,D:\Pruthu\cv projects\research\Safety-Monitored Edge Perception for ADAS\data\processed\kitti_yolo\images\val\003043.png,2026-07-17T11:57:35.217384+00:00,tensorrt_fp16,14,0.928711,0.071289,0.186212,0.3727595999999983,NOMINAL,NOMINAL,no_change,13.87
223,D:\Pruthu\cv projects\research\Safety-Monitored Edge Perception for ADAS\data\processed\kitti_yolo\images\val\003052.png,2026-07-17T11:57:35.232602+00:00,tensorrt_fp16,7,0.904785,0.095215,0.186212,0.3727595999999983,NOMINAL,NOMINAL,no_change,13.24
224,D:\Pruthu\cv projects\research\Safety-Monitored Edge Perception for ADAS\data\processed\kitti_yolo\images\val\003054.png,2026-07-17T11:57:35.247292+00:00,tensorrt_fp16,4,0.794434,0.205566,0.186212,0.3727595999999983,NOMINAL,NOMINAL,no_change,15.15
225,D:\Pruthu\cv projects\research\Safety-Monitored Edge Perception for ADAS\data\processed\kitti_yolo\images\val\003058.png,2026-07-17T11:57:35.260780+00:00,tensorrt_fp16,4,0.910645,0.089355,0.186212,0.3727595999999983,NOMINAL,NOMINAL,no_change,12.62
226,D:\Pruthu\cv projects\research\Safety-Monitored Edge Perception for ADAS\data\processed\kitti_yolo\images\val\003066.png,2026-07-17T11:57:35.276606+00:00,tensorrt_fp16,8,0.932617,0.067383,0.186212,0.3727595999999983,NOMINAL,NOMINAL,no_change,15.58
227,D:\Pruthu\cv projects\research\Safety-Monitored Edge Perception for ADAS\data\processed\kitti_yolo\images\val\003071.png,2026-07-17T11:57:35.291112+00:00,tensorrt_fp16,18,0.654785,0.345215,0.186212,0.3727595999999983,NOMINAL,NOMINAL,no_change,14.87
228,D:\Pruthu\cv projects\research\Safety-Monitored Edge Perception for ADAS\data\processed\kitti_yolo\images\val\003081.png,2026-07-17T11:57:35.307031+00:00,tensorrt_fp16,2,0.94043,0.05957,0.186212,0.3727595999999983,NOMINAL,NOMINAL,no_change,15.22
229,D:\Pruthu\cv projects\research\Safety-Monitored Edge Perception for ADAS\data\processed\kitti_yolo\images\val\003085.png,2026-07-17T11:57:35.321469+00:00,tensorrt_fp16,1,0.82666,0.17334,0.186212,0.3727595999999983,NOMINAL,NOMINAL,no_change,14.58
230,D:\Pruthu\cv projects\research\Safety-Monitored Edge Perception for ADAS\data\processed\kitti_yolo\images\val\003120.png,2026-07-17T11:57:35.336522+00:00,tensorrt_fp16,50,0.914062,0.085938,0.186212,0.3727595999999983,NOMINAL,NOMINAL,no_change,14.77
231,D:\Pruthu\cv projects\research\Safety-Monitored Edge Perception for ADAS\data\processed\kitti_yolo\images\val\003123.png,2026-07-17T11:57:35.352010+00:00,tensorrt_fp16,4,0.838867,0.161133,0.186212,0.3727595999999983,NOMINAL,NOMINAL,no_change,15.8
232,D:\Pruthu\cv projects\research\Safety-Monitored Edge Perception for ADAS\data\processed\kitti_yolo\images\val\003142.png,2026-07-17T11:57:35.367736+00:00,tensorrt_fp16,6,0.890137,0.109863,0.186212,0.3727595999999983,NOMINAL,NOMINAL,no_change,14.71
233,D:\Pruthu\cv projects\research\Safety-Monitored Edge Perception for ADAS\data\processed\kitti_yolo\images\val\003151.png,2026-07-17T11:57:35.382395+00:00,tensorrt_fp16,7,0.922852,0.077148,0.186212,0.3727595999999983,NOMINAL,NOMINAL,no_change,14.54
234,D:\Pruthu\cv projects\research\Safety-Monitored Edge Perception for ADAS\data\processed\kitti_yolo\images\val\003162.png,2026-07-17T11:57:35.397194+00:00,tensorrt_fp16,1,0.881836,0.118164,0.186212,0.3727595999999983,NOMINAL,NOMINAL,no_change,14.55
235,D:\Pruthu\cv projects\research\Safety-Monitored Edge Perception for ADAS\data\processed\kitti_yolo\images\val\003163.png,2026-07-17T11:57:35.410776+00:00,tensorrt_fp16,31,0.923828,0.076172,0.186212,0.3727595999999983,NOMINAL,NOMINAL,no_change,14.03
236,D:\Pruthu\cv projects\research\Safety-Monitored Edge Perception for ADAS\data\processed\kitti_yolo\images\val\003169.png,2026-07-17T11:57:35.426387+00:00,tensorrt_fp16,28,0.9375,0.0625,0.186212,0.3727595999999983,NOMINAL,NOMINAL,no_change,15.34
237,D:\Pruthu\cv projects\research\Safety-Monitored Edge Perception for ADAS\data\processed\kitti_yolo\images\val\003173.png,2026-07-17T11:57:35.440345+00:00,tensorrt_fp16,6,0.927734,0.072266,0.186212,0.3727595999999983,NOMINAL,NOMINAL,no_change,13.23
238,D:\Pruthu\cv projects\research\Safety-Monitored Edge Perception for ADAS\data\processed\kitti_yolo\images\val\003210.png,2026-07-17T11:57:35.455753+00:00,tensorrt_fp16,2,0.925781,0.074219,0.186212,0.3727595999999983,NOMINAL,NOMINAL,no_change,15.11
239,D:\Pruthu\cv projects\research\Safety-Monitored Edge Perception for ADAS\data\processed\kitti_yolo\images\val\003237.png,2026-07-17T11:57:35.471058+00:00,tensorrt_fp16,28,0.898438,0.101562,0.186212,0.3727595999999983,NOMINAL,NOMINAL,no_change,14.8
240,D:\Pruthu\cv projects\research\Safety-Monitored Edge Perception for ADAS\data\processed\kitti_yolo\images\val\003255.png,2026-07-17T11:57:35.486434+00:00,tensorrt_fp16,8,0.929199,0.070801,0.186212,0.3727595999999983,NOMINAL,NOMINAL,no_change,16.03
241,D:\Pruthu\cv projects\research\Safety-Monitored Edge Perception for ADAS\data\processed\kitti_yolo\images\val\003261.png,2026-07-17T11:57:35.502441+00:00,tensorrt_fp16,6,0.856934,0.143066,0.186212,0.3727595999999983,NOMINAL,NOMINAL,no_change,15.64
242,D:\Pruthu\cv projects\research\Safety-Monitored Edge Perception for ADAS\data\processed\kitti_yolo\images\val\003266.png,2026-07-17T11:57:35.519257+00:00,tensorrt_fp16,2,0.919434,0.080566,0.186212,0.3727595999999983,NOMINAL,NOMINAL,no_change,15.77
243,D:\Pruthu\cv projects\research\Safety-Monitored Edge Perception for ADAS\data\processed\kitti_yolo\images\val\003283.png,2026-07-17T11:57:35.534420+00:00,tensorrt_fp16,15,0.939453,0.060547,0.186212,0.3727595999999983,NOMINAL,NOMINAL,no_change,15.59
244,D:\Pruthu\cv projects\research\Safety-Monitored Edge Perception for ADAS\data\processed\kitti_yolo\images\val\003311.png,2026-07-17T11:57:35.550270+00:00,tensorrt_fp16,18,0.892578,0.107422,0.186212,0.3727595999999983,NOMINAL,NOMINAL,no_change,15.54
245,D:\Pruthu\cv projects\research\Safety-Monitored Edge Perception for ADAS\data\processed\kitti_yolo\images\val\003318.png,2026-07-17T11:57:35.565505+00:00,tensorrt_fp16,2,0.896973,0.103027,0.186212,0.3727595999999983,NOMINAL,NOMINAL,no_change,15.38
246,D:\Pruthu\cv projects\research\Safety-Monitored Edge Perception for ADAS\data\processed\kitti_yolo\images\val\003343.png,2026-07-17T11:57:35.582196+00:00,tensorrt_fp16,5,0.913086,0.086914,0.186212,0.3727595999999983,NOMINAL,NOMINAL,no_change,15.53
247,D:\Pruthu\cv projects\research\Safety-Monitored Edge Perception for ADAS\data\processed\kitti_yolo\images\val\003358.png,2026-07-17T11:57:35.597700+00:00,tensorrt_fp16,9,0.935547,0.064453,0.186212,0.3727595999999983,NOMINAL,NOMINAL,no_change,15.42
248,D:\Pruthu\cv projects\research\Safety-Monitored Edge Perception for ADAS\data\processed\kitti_yolo\images\val\003392.png,2026-07-17T11:57:35.613028+00:00,tensorrt_fp16,9,0.938477,0.061523,0.186212,0.3727595999999983,NOMINAL,NOMINAL,no_change,14.79
249,D:\Pruthu\cv projects\research\Safety-Monitored Edge Perception for ADAS\data\processed\kitti_yolo\images\val\003399.png,2026-07-17T11:57:35.628566+00:00,tensorrt_fp16,6,0.908203,0.091797,0.186212,0.3727595999999983,NOMINAL,NOMINAL,no_change,15.17
250,D:\Pruthu\cv projects\research\Safety-Monitored Edge Perception for ADAS\data\processed\kitti_yolo\images\val\003407.png,2026-07-17T11:57:35.643082+00:00,tensorrt_fp16,20,0.934082,0.065918,0.186212,0.3727595999999983,NOMINAL,NOMINAL,no_change,15.09
251,D:\Pruthu\cv projects\research\Safety-Monitored Edge Perception for ADAS\data\processed\kitti_yolo\images\val\003409.png,2026-07-17T11:57:35.658252+00:00,tensorrt_fp16,17,0.942383,0.057617,0.186212,0.3727595999999983,NOMINAL,NOMINAL,no_change,14.36
252,D:\Pruthu\cv projects\research\Safety-Monitored Edge Perception for ADAS\data\processed\kitti_yolo\images\val\003433.png,2026-07-17T11:57:35.672672+00:00,tensorrt_fp16,2,0.933105,0.066895,0.186212,0.3727595999999983,NOMINAL,NOMINAL,no_change,14.45
253,D:\Pruthu\cv projects\research\Safety-Monitored Edge Perception for ADAS\data\processed\kitti_yolo\images\val\003475.png,2026-07-17T11:57:35.689041+00:00,tensorrt_fp16,2,0.928711,0.071289,0.186212,0.3727595999999983,NOMINAL,NOMINAL,no_change,15.69
254,D:\Pruthu\cv projects\research\Safety-Monitored Edge Perception for ADAS\data\processed\kitti_yolo\images\val\003496.png,2026-07-17T11:57:35.703050+00:00,tensorrt_fp16,3,0.875977,0.124023,0.186212,0.3727595999999983,NOMINAL,NOMINAL,no_change,14.41
255,D:\Pruthu\cv projects\research\Safety-Monitored Edge Perception for ADAS\data\processed\kitti_yolo\images\val\003516.png,2026-07-17T11:57:35.717585+00:00,tensorrt_fp16,3,0.931152,0.068848,0.186212,0.3727595999999983,NOMINAL,NOMINAL,no_change,14.15
256,D:\Pruthu\cv projects\research\Safety-Monitored Edge Perception for ADAS\data\processed\kitti_yolo\images\val\003523.png,2026-07-17T11:57:35.732544+00:00,tensorrt_fp16,2,0.866211,0.133789,0.186212,0.3727595999999983,NOMINAL,NOMINAL,no_change,15.02
257,D:\Pruthu\cv projects\research\Safety-Monitored Edge Perception for ADAS\data\processed\kitti_yolo\images\val\003524.png,2026-07-17T11:57:35.746053+00:00,tensorrt_fp16,5,0.926758,0.073242,0.186212,0.3727595999999983,NOMINAL,NOMINAL,no_change,13.08
258,D:\Pruthu\cv projects\research\Safety-Monitored Edge Perception for ADAS\data\processed\kitti_yolo\images\val\003527.png,2026-07-17T11:57:35.759054+00:00,tensorrt_fp16,5,0.949707,0.050293,0.186212,0.3727595999999983,NOMINAL,NOMINAL,no_change,12.95
259,D:\Pruthu\cv projects\research\Safety-Monitored Edge Perception for ADAS\data\processed\kitti_yolo\images\val\003528.png,2026-07-17T11:57:35.772054+00:00,tensorrt_fp16,8,0.867188,0.132812,0.186212,0.3727595999999983,NOMINAL,NOMINAL,no_change,12.49
260,D:\Pruthu\cv projects\research\Safety-Monitored Edge Perception for ADAS\data\processed\kitti_yolo\images\val\003539.png,2026-07-17T11:57:35.785072+00:00,tensorrt_fp16,5,0.890137,0.109863,0.186212,0.3727595999999983,NOMINAL,NOMINAL,no_change,12.57
261,D:\Pruthu\cv projects\research\Safety-Monitored Edge Perception for ADAS\data\processed\kitti_yolo\images\val\003573.png,2026-07-17T11:57:35.798668+00:00,tensorrt_fp16,2,0.88623,0.11377,0.186212,0.3727595999999983,NOMINAL,NOMINAL,no_change,13.19
262,D:\Pruthu\cv projects\research\Safety-Monitored Edge Perception for ADAS\data\processed\kitti_yolo\images\val\003577.png,2026-07-17T11:57:35.812861+00:00,tensorrt_fp16,23,0.926758,0.073242,0.186212,0.3727595999999983,NOMINAL,NOMINAL,no_change,14.83
263,D:\Pruthu\cv projects\research\Safety-Monitored Edge Perception for ADAS\data\processed\kitti_yolo\images\val\003585.png,2026-07-17T11:57:35.828589+00:00,tensorrt_fp16,14,0.898438,0.101562,0.186212,0.3727595999999983,NOMINAL,NOMINAL,no_change,15.17
264,D:\Pruthu\cv projects\research\Safety-Monitored Edge Perception for ADAS\data\processed\kitti_yolo\images\val\003599.png,2026-07-17T11:57:35.844301+00:00,tensorrt_fp16,26,0.926758,0.073242,0.186212,0.3727595999999983,NOMINAL,NOMINAL,no_change,15.48
265,D:\Pruthu\cv projects\research\Safety-Monitored Edge Perception for ADAS\data\processed\kitti_yolo\images\val\003609.png,2026-07-17T11:57:35.859825+00:00,tensorrt_fp16,11,0.947266,0.052734,0.186212,0.3727595999999983,NOMINAL,NOMINAL,no_change,15.61
266,D:\Pruthu\cv projects\research\Safety-Monitored Edge Perception for ADAS\data\processed\kitti_yolo\images\val\003621.png,2026-07-17T11:57:35.876540+00:00,tensorrt_fp16,20,0.933105,0.066895,0.186212,0.3727595999999983,NOMINAL,NOMINAL,no_change,15.71
267,D:\Pruthu\cv projects\research\Safety-Monitored Edge Perception for ADAS\data\processed\kitti_yolo\images\val\003629.png,2026-07-17T11:57:35.891896+00:00,tensorrt_fp16,3,0.849121,0.150879,0.186212,0.3727595999999983,NOMINAL,NOMINAL,no_change,15.62
268,D:\Pruthu\cv projects\research\Safety-Monitored Edge Perception for ADAS\data\processed\kitti_yolo\images\val\003632.png,2026-07-17T11:57:35.906528+00:00,tensorrt_fp16,12,0.935547,0.064453,0.186212,0.3727595999999983,NOMINAL,NOMINAL,no_change,13.76
269,D:\Pruthu\cv projects\research\Safety-Monitored Edge Perception for ADAS\data\processed\kitti_yolo\images\val\003633.png,2026-07-17T11:57:35.920158+00:00,tensorrt_fp16,20,0.919434,0.080566,0.186212,0.3727595999999983,NOMINAL,NOMINAL,no_change,13.31
270,D:\Pruthu\cv projects\research\Safety-Monitored Edge Perception for ADAS\data\processed\kitti_yolo\images\val\003634.png,2026-07-17T11:57:35.932869+00:00,tensorrt_fp16,3,0.909668,0.090332,0.186212,0.3727595999999983,NOMINAL,NOMINAL,no_change,12.97
271,D:\Pruthu\cv projects\research\Safety-Monitored Edge Perception for ADAS\data\processed\kitti_yolo\images\val\003642.png,2026-07-17T11:57:35.946811+00:00,tensorrt_fp16,47,0.937012,0.062988,0.186212,0.3727595999999983,NOMINAL,NOMINAL,no_change,13.78
272,D:\Pruthu\cv projects\research\Safety-Monitored Edge Perception for ADAS\data\processed\kitti_yolo\images\val\003658.png,2026-07-17T11:57:35.960129+00:00,tensorrt_fp16,5,0.918945,0.081055,0.186212,0.3727595999999983,NOMINAL,NOMINAL,no_change,13.44
273,D:\Pruthu\cv projects\research\Safety-Monitored Edge Perception for ADAS\data\processed\kitti_yolo\images\val\003674.png,2026-07-17T11:57:35.973358+00:00,tensorrt_fp16,12,0.936035,0.063965,0.186212,0.3727595999999983,NOMINAL,NOMINAL,no_change,13.43
274,D:\Pruthu\cv projects\research\Safety-Monitored Edge Perception for ADAS\data\processed\kitti_yolo\images\val\003677.png,2026-07-17T11:57:35.987580+00:00,tensorrt_fp16,16,0.925293,0.074707,0.186212,0.3727595999999983,NOMINAL,NOMINAL,no_change,13.66
275,D:\Pruthu\cv projects\research\Safety-Monitored Edge Perception for ADAS\data\processed\kitti_yolo\images\val\003680.png,2026-07-17T11:57:36.001146+00:00,tensorrt_fp16,1,0.837402,0.162598,0.186212,0.3727595999999983,NOMINAL,NOMINAL,no_change,13.6
276,D:\Pruthu\cv projects\research\Safety-Monitored Edge Perception for ADAS\data\processed\kitti_yolo\images\val\003684.png,2026-07-17T11:57:36.014711+00:00,tensorrt_fp16,12,0.93457,0.06543,0.186212,0.3727595999999983,NOMINAL,NOMINAL,no_change,13.21
277,D:\Pruthu\cv projects\research\Safety-Monitored Edge Perception for ADAS\data\processed\kitti_yolo\images\val\003690.png,2026-07-17T11:57:36.028143+00:00,tensorrt_fp16,15,0.924805,0.075195,0.186212,0.3727595999999983,NOMINAL,NOMINAL,no_change,13.56
278,D:\Pruthu\cv projects\research\Safety-Monitored Edge Perception for ADAS\data\processed\kitti_yolo\images\val\003695.png,2026-07-17T11:57:36.041488+00:00,tensorrt_fp16,27,0.956543,0.043457,0.186212,0.3727595999999983,NOMINAL,NOMINAL,no_change,13.28
279,D:\Pruthu\cv projects\research\Safety-Monitored Edge Perception for ADAS\data\processed\kitti_yolo\images\val\003702.png,2026-07-17T11:57:36.055487+00:00,tensorrt_fp16,3,0.922363,0.077637,0.186212,0.3727595999999983,NOMINAL,NOMINAL,no_change,13.39
280,D:\Pruthu\cv projects\research\Safety-Monitored Edge Perception for ADAS\data\processed\kitti_yolo\images\val\003715.png,2026-07-17T11:57:36.069684+00:00,tensorrt_fp16,12,0.924805,0.075195,0.186212,0.3727595999999983,NOMINAL,NOMINAL,no_change,14.25
281,D:\Pruthu\cv projects\research\Safety-Monitored Edge Perception for ADAS\data\processed\kitti_yolo\images\val\003725.png,2026-07-17T11:57:36.083829+00:00,tensorrt_fp16,17,0.938477,0.061523,0.186212,0.3727595999999983,NOMINAL,NOMINAL,no_change,13.57
282,D:\Pruthu\cv projects\research\Safety-Monitored Edge Perception for ADAS\data\processed\kitti_yolo\images\val\003743.png,2026-07-17T11:57:36.096833+00:00,tensorrt_fp16,1,0.370117,0.629883,0.186212,0.3727595999999983,NOMINAL,NOMINAL,no_change,13.5
283,D:\Pruthu\cv projects\research\Safety-Monitored Edge Perception for ADAS\data\processed\kitti_yolo\images\val\003744.png,2026-07-17T11:57:36.110838+00:00,tensorrt_fp16,22,0.956543,0.043457,0.186212,0.3727595999999983,NOMINAL,NOMINAL,no_change,13.34
284,D:\Pruthu\cv projects\research\Safety-Monitored Edge Perception for ADAS\data\processed\kitti_yolo\images\val\003749.png,2026-07-17T11:57:36.124349+00:00,tensorrt_fp16,26,0.933105,0.066895,0.186212,0.3727595999999983,NOMINAL,NOMINAL,no_change,13.69
285,D:\Pruthu\cv projects\research\Safety-Monitored Edge Perception for ADAS\data\processed\kitti_yolo\images\val\003752.png,2026-07-17T11:57:36.138349+00:00,tensorrt_fp16,1,0.896973,0.103027,0.186212,0.3727595999999983,NOMINAL,NOMINAL,no_change,13.29
286,D:\Pruthu\cv projects\research\Safety-Monitored Edge Perception for ADAS\data\processed\kitti_yolo\images\val\003764.png,2026-07-17T11:57:36.151610+00:00,tensorrt_fp16,11,0.931152,0.068848,0.186212,0.3727595999999983,NOMINAL,NOMINAL,no_change,13.11
287,D:\Pruthu\cv projects\research\Safety-Monitored Edge Perception for ADAS\data\processed\kitti_yolo\images\val\003769.png,2026-07-17T11:57:36.164612+00:00,tensorrt_fp16,2,0.938477,0.061523,0.186212,0.3727595999999983,NOMINAL,NOMINAL,no_change,13.22
288,D:\Pruthu\cv projects\research\Safety-Monitored Edge Perception for ADAS\data\processed\kitti_yolo\images\val\003777.png,2026-07-17T11:57:36.177611+00:00,tensorrt_fp16,2,0.818848,0.181152,0.186212,0.3727595999999983,NOMINAL,NOMINAL,no_change,12.59
289,D:\Pruthu\cv projects\research\Safety-Monitored Edge Perception for ADAS\data\processed\kitti_yolo\images\val\003784.png,2026-07-17T11:57:36.190612+00:00,tensorrt_fp16,7,0.925293,0.074707,0.186212,0.3727595999999983,NOMINAL,NOMINAL,no_change,13.33
290,D:\Pruthu\cv projects\research\Safety-Monitored Edge Perception for ADAS\data\processed\kitti_yolo\images\val\003800.png,2026-07-17T11:57:36.204701+00:00,tensorrt_fp16,9,0.926758,0.073242,0.186212,0.3727595999999983,NOMINAL,NOMINAL,no_change,13.47
291,D:\Pruthu\cv projects\research\Safety-Monitored Edge Perception for ADAS\data\processed\kitti_yolo\images\val\003811.png,2026-07-17T11:57:36.217594+00:00,tensorrt_fp16,8,0.924805,0.075195,0.186212,0.3727595999999983,NOMINAL,NOMINAL,no_change,13.09
292,D:\Pruthu\cv projects\research\Safety-Monitored Edge Perception for ADAS\data\processed\kitti_yolo\images\val\003836.png,2026-07-17T11:57:36.231594+00:00,tensorrt_fp16,21,0.899902,0.100098,0.186212,0.3727595999999983,NOMINAL,NOMINAL,no_change,13.68
293,D:\Pruthu\cv projects\research\Safety-Monitored Edge Perception for ADAS\data\processed\kitti_yolo\images\val\003841.png,2026-07-17T11:57:36.244203+00:00,tensorrt_fp16,2,0.88623,0.11377,0.186212,0.3727595999999983,NOMINAL,NOMINAL,no_change,12.74
294,D:\Pruthu\cv projects\research\Safety-Monitored Edge Perception for ADAS\data\processed\kitti_yolo\images\val\003846.png,2026-07-17T11:57:36.257920+00:00,tensorrt_fp16,7,0.905762,0.094238,0.186212,0.3727595999999983,NOMINAL,NOMINAL,no_change,13.02
295,D:\Pruthu\cv projects\research\Safety-Monitored Edge Perception for ADAS\data\processed\kitti_yolo\images\val\003850.png,2026-07-17T11:57:36.270928+00:00,tensorrt_fp16,5,0.941895,0.058105,0.186212,0.3727595999999983,NOMINAL,NOMINAL,no_change,12.94
296,D:\Pruthu\cv projects\research\Safety-Monitored Edge Perception for ADAS\data\processed\kitti_yolo\images\val\003862.png,2026-07-17T11:57:36.284198+00:00,tensorrt_fp16,2,0.919434,0.080566,0.186212,0.3727595999999983,NOMINAL,NOMINAL,no_change,13.43
297,D:\Pruthu\cv projects\research\Safety-Monitored Edge Perception for ADAS\data\processed\kitti_yolo\images\val\003868.png,2026-07-17T11:57:36.297535+00:00,tensorrt_fp16,1,0.602051,0.397949,0.186212,0.3727595999999983,NOMINAL,NOMINAL,no_change,13.08
298,D:\Pruthu\cv projects\research\Safety-Monitored Edge Perception for ADAS\data\processed\kitti_yolo\images\val\003923.png,2026-07-17T11:57:36.309534+00:00,tensorrt_fp16,12,0.941895,0.058105,0.186212,0.3727595999999983,NOMINAL,NOMINAL,no_change,12.84
299,D:\Pruthu\cv projects\research\Safety-Monitored Edge Perception for ADAS\data\processed\kitti_yolo\images\val\003947.png,2026-07-17T11:57:36.323945+00:00,tensorrt_fp16,1,0.849121,0.150879,0.186212,0.3727595999999983,NOMINAL,NOMINAL,no_change,13.07
300,D:\Pruthu\cv projects\research\Safety-Monitored Edge Perception for ADAS\data\processed\kitti_yolo\images\val\003950.png,2026-07-17T11:57:36.335469+00:00,tensorrt_fp16,5,0.922852,0.077148,0.186212,0.3727595999999983,NOMINAL,NOMINAL,no_change,12.16
